protein_ID	parent_protein	protein_description	full_sequence	sequence	formula	parent_mz	is_modified	modified_residue	charge	unique	xCorr	spectral_counts	scan	precursor_scan	precursor_rt	parent_file	sample_name	contains_Cit	nFrag	nDet	nAmb	nDetNL	nArtNL	frag	det	amb	detNL	artNL
P14136-2	GFAP	Isoform 2 of Glial fibrillary acidic protein 	AEM(15.9900)M(15.9900)ELNDR*FASYIEK	AEmmELNDR*FASYIEK	C84H130N20O31S2	990.4422	1		2	0		0	39803		2492.99	02207a_BB2-TUM_mod_citrullination_l_14_01_01-DDA-1h-R1.mzML	Human_cit_proteome_syn_peptides	likely	14	2	11	1	0	b2;y1;y10*;y11*;y11*-43;y12*;y2;y3;y4;y5;y6;y7;y8*;y9*	y8*;y9*	b2;y1;y10*;y11*;y12*;y2;y3;y4;y5;y6;y7	y11*-43	
P14136	GFAP	Glial fibrillary acidic protein 	AEM(15.9900)MELNDR*FASYIEK	AEmMELNDR*FASYIEK	C84H130N20O30S2	982.4454	1		2	0		0	43710		2699.33	02207a_BB2-TUM_mod_citrullination_l_14_01_01-DDA-1h-R1.mzML	Human_cit_proteome_syn_peptides	true	19	2	12	5	0	b2;b5;y1;y10*;y10*-43;y11*;y11*-43;y13*;y13*-43;y2;y3;y4;y5;y6;y7;y8*;y8*-43;y9*;y9*-43	y8*;y9*	b2;b5;y1;y10*;y11*;y13*;y2;y3;y4;y5;y6;y7	y10*-43;y11*-43;y13*-43;y8*-43;y9*-43	
P14136	GFAP	Glial fibrillary acidic protein 	AEMM(15.9900)ELNDR*FASYIEK	AEMmELNDR*FASYIEK	C84H130N20O30S2	982.4444	1		2	0		0	44578		2744.85	02207a_BB2-TUM_mod_citrullination_l_14_01_01-DDA-1h-R1.mzML	Human_cit_proteome_syn_peptides	likely	10	0	9	1	0	b2;b3;y1;y10*-43;y2;y3;y4;y5;y6;y7		b2;b3;y1;y2;y3;y4;y5;y6;y7	y10*-43	
P14136-2	GFAP	Isoform 2 of Glial fibrillary acidic protein 	AEMMELNDR*FASYIEK	AEMMELNDR*FASYIEK	C84H130N20O29S2	974.446899414063	1		2	0		0	47677		2907.78	02207a_BB2-TUM_mod_citrullination_l_14_01_01-DDA-1h-R1.mzML	Human_cit_proteome_syn_peptides	true	30	2	18	10	0	b10*-43;b11*-43;b2;b3;b4;b5;b6;b7;b8;b9*-43;y1;y10*;y10*-43;y11*;y11*-43;y12*;y12*-43;y13*;y13*-43;y14*-43;y2;y3;y4;y5;y6;y7;y8*;y8*-43;y9*;y9*-43	y8*;y9*	b2;b3;b4;b5;b6;b7;b8;y1;y10*;y11*;y12*;y13*;y2;y3;y4;y5;y6;y7	b10*-43;b11*-43;b9*-43;y10*-43;y11*-43;y12*-43;y13*-43;y14*-43;y8*-43;y9*-43	
Q8NAA5	LR75A	Leucine-rich repeat-containing protein 75A 	AGDKAGR*AGAGM(15.9900)PPYHR	AGDKAGR*AGAGmPPYHR	C72H113N25O23S	432.961791992188	1		4	0		0	7415		814.411	02207a_BB3-TUM_mod_citrullination_l_15_01_01-DDA-1h-R1.mzML	Human_cit_proteome_syn_peptides	likely	9	0	8	1	0	b2;b4;b5;b6;b7*-43;y1;y4;y5;y7		b2;b4;b5;b6;y1;y4;y5;y7	b7*-43	
Q96HL8-2	SH3Y1	Isoform 2 of SH3 domain-containing YSC84-like protein 1 	AGFLVTAR*GGSGIVVAR	AGFLVTAR*GGSGIVVAR	C72H122N22O21	816.464782714844	1		2	0		0	41163		2564.91	02207a_BB2-TUM_mod_citrullination_l_14_01_01-DDA-1h-R1.mzML	Human_cit_proteome_syn_peptides	true	23	5	13	5	0	b3;b4;b5;b6;b7;b8*-43;y1;y10*;y10*-43;y11*;y11*-43;y12*;y12*-43;y13*;y13*-43;y14*;y2;y3;y4;y6;y7;y8;y9	y10*;y11*;y12*;y13*;y14*	b3;b4;b5;b6;b7;y1;y2;y3;y4;y6;y7;y8;y9	b8*-43;y10*-43;y11*-43;y12*-43;y13*-43	
Q8NAA5-2	LR75A	Isoform 2 of Leucine-rich repeat-containing protein 75A 	AGR*AGAGM(15.9900)PPYHR	AGR*AGAGmPPYHR	C57H88N20O17S	453.219970703125	1		3	0		0	8204		854.65	02207a_BB3-TUM_mod_citrullination_l_15_01_01-DDA-1h-R1.mzML	Human_cit_proteome_syn_peptides	likely	7	1	5	1	0	b2;b3*;b3*-43;y1;y4;y5;y7	b3*	b2;y1;y4;y5;y7	b3*-43	
P02671	FIBA	Fibrinogen alpha chain 	ALAR*EVDLKDYEDQQK	ALAR*EVDLKDYEDQQK	C82H132N22O31	961.4805	1		2	0		0	28728		1914.7	02207a_BB2-TUM_mod_citrullination_l_14_01_01-DDA-1h-R1.mzML	Human_cit_proteome_syn_peptides	true	30	6	14	10	0	b10*;b10*-43;b12*-43;b13*;b14*-43;b2;b3;b4*;b4*-43;b5*;b5*-43;b6*;b6*-43;b7*;b7*-43;b8*-43;b9*-43;y1;y10;y11;y12;y13*-43;y2;y3;y4;y5;y6;y7;y8;y9	b10*;b13*;b4*;b5*;b6*;b7*	b2;b3;y1;y10;y11;y12;y2;y3;y4;y5;y6;y7;y8;y9	b10*-43;b12*-43;b14*-43;b4*-43;b5*-43;b6*-43;b7*-43;b8*-43;b9*-43;y13*-43	
Q9C0D2-3	CE295	Isoform 3 of Centrosomal protein of 295 kDa 	ALQEQ(0.9800)LATQ(0.9800)R*EAIILAR	ALQEqLATqR*EAIILAR	C83H143N23O29	964.028564453125	1		2	0		0	47838		2931.48	02207a_BB3-TUM_mod_citrullination_l_15_01_01-DDA-1h-R1.mzML	Human_cit_proteome_syn_peptides	true	20	0	16	4	0	b2;b3;b4;b6;b7;y1;y10*;y10*-43;y11*;y11*-43;y12*;y12*-43;y13*;y13*-43;y2;y3;y4;y5;y7;y9*		b2;b3;b4;b6;b7;y1;y10*;y11*;y12*;y13*;y2;y3;y4;y5;y7;y9*	y10*-43;y11*-43;y12*-43;y13*-43	
Q8TEW0	PARD3	Partitioning defective 3 homolog 	APR*LNHPPEQIDSHSR	APR*LNHPPEQIDSHSR	C78H123N27O26	618.9789	1		3	0		0	16333		1272.54	02207a_BB1-TUM_mod_citrullination_l_13_01_01-DDA-1h-R1.mzML	Human_cit_proteome_syn_peptides	likely	9	1	7	1	0	b2;b3*;b6*;b6*-43;y10;y4;y5;y6;y9	b3*	b2;b6*;y10;y4;y5;y6;y9	b6*-43	
P09651-2	ROA1	Isoform A1-A of Heterogeneous nuclear ribonucleoprotein A1 	AVSR*EDSQRPGAHLTVK	AVSR*EDSQRPGAHLTVK	C77H130N26O27	463.747283935547	1		4	0		0	14110		1159.46	02207a_BB2-TUM_mod_citrullination_l_14_01_01-DDA-1h-R1.mzML	Human_cit_proteome_syn_peptides	likely	8	1	7	0	0	b2;b3;b5*;y1;y2;y3;y4;y8	b5*	b2;b3;y1;y2;y3;y4;y8		
P09651-2	ROA1	Isoform A1-A of Heterogeneous nuclear ribonucleoprotein A1 	AVSR*EDSQRPGAHLTVK	AVSR*EDSQRPGAHLTVK	C77H130N26O27	463.7484	1		4	0		0	14219		1161.12	02207a_BB3-TUM_mod_citrullination_l_15_01_01-DDA-1h-R1.mzML	Human_cit_proteome_syn_peptides	ambiguous	8	0	8	0	0	b2;y1;y2;y3;y5;y6;y7;y8		b2;y1;y2;y3;y5;y6;y7;y8		
P51991-2	ROA3	Isoform 2 of Heterogeneous nuclear ribonucleoprotein A3 	AVSR*EDSVKPGAHLTVK	AVSR*EDSVKPGAHLTVK	C77H131N23O26	449.498931884766	1		4	0		0	17819		1349.21	02207a_BB2-TUM_mod_citrullination_l_14_01_01-DDA-1h-R1.mzML	Human_cit_proteome_syn_peptides	ambiguous	9	0	9	0	0	b2;y1;y2;y3;y4;y5;y7;y8;y9		b2;y1;y2;y3;y4;y5;y7;y8;y9		
P18206-2	VINC	Isoform 1 of Vinculin 	C(57.0200)DR*VDQ(0.9800)LTAQLADLAAR	cDR*VDqLTAQLADLAAR	C78H132N24O30S	959.472106933594	1		2	0		0	54128		3263.69	02207a_BB3-TUM_mod_citrullination_l_15_01_01-DDA-1h-R1.mzML	Human_cit_proteome_syn_peptides	true	23	3	17	3	0	b2;b3*;b3*-43;b4*;b4*-43;b5*;b6*;b7*;b7*-43;y1;y10;y11;y12;y13;y14;y2;y3;y4;y5;y6;y7;y8;y9	b3*;b4*;b5*	b2;b6*;b7*;y1;y10;y11;y12;y13;y14;y2;y3;y4;y5;y6;y7;y8;y9	b3*-43;b4*-43;b7*-43	
Q14004	CDK13	Cyclin-dependent kinase 13 	DIKC(57.0200)SNILLNNR*GQ(0.9800)IK	DIKcSNILLNNR*GqIK	C79H138N24O27S	630.0035	1		3	0		0	33471		2157.07	02207a_BB1-TUM_mod_citrullination_l_13_01_01-DDA-1h-R1.mzML	Human_cit_proteome_syn_peptides	true	13	0	9	4	0	b2;b4;b6;y1;y2;y4;y6*;y6*-43;y7*-43;y8*;y8*-43;y9*;y9*-43		b2;b4;b6;y1;y2;y4;y6*;y8*;y9*	y6*-43;y7*-43;y8*-43;y9*-43	
O15085-2	ARHGB	Isoform 2 of Rho guanine nucleotide exchange factor 11 	DIWNIFLEKNAPLR*VK	DIWNIFLEKNAPLR*VK	C92H145N23O24	979.051	1		2	0		0	55038		3294.03	02207a_BB1-TUM_mod_citrullination_l_13_01_01-DDA-1h-R1.mzML	Human_cit_proteome_syn_peptides	true	30	3	16	11	0	b11;b14*-43;b2;b3;b4;b5;b6;b7;b8;y1;y10*;y10*-43;y11*;y11*-43;y12*;y12*-43;y13*-43;y2;y3*;y3*-43;y5*;y5*-43;y6*;y6*-43;y7*;y7*-43;y8*;y8*-43;y9*;y9*-43	y3*;y5*;y6*	b11;b2;b3;b4;b5;b6;b7;b8;y1;y10*;y11*;y12*;y2;y7*;y8*;y9*	b14*-43;y10*-43;y11*-43;y12*-43;y13*-43;y3*-43;y5*-43;y6*-43;y7*-43;y8*-43;y9*-43	
P11413-3	G6PD	Isoform 3 of Glucose-6-phosphate 1-dehydrogenase 	DLQSSDR*LSNHISSLFR	DLQSSDR*LSNHISSLFR	C83H134N26O30	659.3330078125	1		3	0		0	44943		2763.91	02207a_BB2-TUM_mod_citrullination_l_14_01_01-DDA-1h-R1.mzML	Human_cit_proteome_syn_peptides	ambiguous	12	0	12	0	0	b2;b3;b4;y1;y10;y2;y4;y5;y6;y7;y8;y9		b2;b3;b4;y1;y10;y2;y4;y5;y6;y7;y8;y9		
O75052-3	CAPON	Isoform 3 of Carboxyl-terminal PDZ ligand of neuronal nitric oxide synthase protein 	DQLAAEAAAR*LEAQ(0.9800)AR	DQLAAEAAAR*LEAqAR	C69H116N22O27	843.427856445313	1		2	0		0	42601		2634.47	02207a_BB1-TUM_mod_citrullination_l_13_01_01-DDA-1h-R1.mzML	Human_cit_proteome_syn_peptides	true	29	0	21	8	0	b11*-43;b2;b3;b4;b5;b6;b7;b8;b9;y1;y10*;y11*;y11*-43;y12*;y12*-43;y13*;y13*-43;y14*;y14*-43;y2;y3;y5;y6;y7*;y7*-43;y8*;y8*-43;y9*;y9*-43		b2;b3;b4;b5;b6;b7;b8;b9;y1;y10*;y11*;y12*;y13*;y14*;y2;y3;y5;y6;y7*;y8*;y9*	b11*-43;y11*-43;y12*-43;y13*-43;y14*-43;y7*-43;y8*-43;y9*-43	
P01266-2	THYG	Isoform 2 of Thyroglobulin 	DSDMGSRPESMGC(57.0200)R*K	DSDMGSRPESMGcR*K	C64H108N22O27S3	857.354858398438	1		2	0		0	12567		1078.87	02207a_BB1-TUM_mod_citrullination_l_13_01_01-DDA-1h-R1.mzML	Human_cit_proteome_syn_peptides	true	16	6	8	2	0	b10;b11;b12;b13;b14*;b14*-43;b3;b7;b9;y1;y11*;y2*;y4*;y6*;y8*;y8*-43	b14*;y11*;y2*;y4*;y6*;y8*	b10;b11;b12;b13;b3;b7;b9;y1	b14*-43;y8*-43	
P02686-6	MBP	Isoform 6 of Myelin basic protein 	DSHHPAR*TAHYGSLPQK	DSHHPAR*TAHYGSLPQK	C82H123N27O26	476.486	1		4	0		0	11592		1025.56	02207a_BB3-TUM_mod_citrullination_l_15_01_01-DDA-1h-R1.mzML	Human_cit_proteome_syn_peptides	ambiguous	9	0	9	0	0	b2;b3;y1;y2;y3;y4;y5;y6;y7		b2;b3;y1;y2;y3;y4;y5;y6;y7		
P02686-6	MBP	Isoform 6 of Myelin basic protein 	DTGILDSIGR*FFGGDR	DTGILDSIGR*FFGGDR	C75H115N21O26	863.924560546875	1		2	0		0	60470		3587.93	02207a_BB2-TUM_mod_citrullination_l_14_01_01-DDA-1h-R1.mzML	Human_cit_proteome_syn_peptides	true	21	6	11	4	0	b3;b4;b5;b6;b7;b8;y1;y10*;y10*-43;y11*;y11*-43;y12*;y12*-43;y3;y4;y5;y6;y7*;y8*;y8*-43;y9*	y10*;y11*;y12*;y7*;y8*;y9*	b3;b4;b5;b6;b7;b8;y1;y3;y4;y5;y6	y10*-43;y11*-43;y12*-43;y8*-43	
P01266-2	THYG	Isoform 2 of Thyroglobulin 	EAFAEQFLR*GSDYAIR	EAFAEQFLR*GSDYAIR	C84H124N22O27	937.456298828125	1		2	0		0	47973		2919.52	02207a_BB1-TUM_mod_citrullination_l_13_01_01-DDA-1h-R1.mzML	Human_cit_proteome_syn_peptides	true	26	3	17	6	0	b2;b3;b4;b5;b6;b7;b8;b9*-43;y1;y10*;y10*-43;y11*;y11*-43;y12*;y12*-43;y13*;y2;y3;y4;y5;y6;y7;y8*;y8*-43;y9*;y9*-43	y10*;y8*;y9*	b2;b3;b4;b5;b6;b7;b8;y1;y11*;y12*;y13*;y2;y3;y4;y5;y6;y7	b9*-43;y10*-43;y11*-43;y12*-43;y8*-43;y9*-43	
Q71U36-2	TBA1A	Tubulin alpha-1B chain 	EDAANNYAR*GHYTIGK	EDAANNYAR*GHYTIGK	C76H113N23O27	890.9167	1		2	0		0	21623		1543.81	02207a_BB1-TUM_mod_citrullination_l_13_01_01-DDA-1h-R1.mzML	Human_cit_proteome_syn_peptides	true	19	3	12	4	0	b2;b3;b4;b5;b7;y1;y10*;y11*-43;y12*-43;y2;y3;y4;y5;y6;y7;y8*;y8*-43;y9*;y9*-43	y10*;y8*;y9*	b2;b3;b4;b5;b7;y1;y2;y3;y4;y5;y6;y7	y11*-43;y12*-43;y8*-43;y9*-43	
Q96T37	RBM15	Putative RNA-binding protein 15 	EDR*SDGSAPSTSTASSK	EDR*SDGSAPSTSTASSK	C64H106N20O33	842.36962890625	1		2	0		0	7537		820.304	02207a_BB2-TUM_mod_citrullination_l_14_01_01-DDA-1h-R1.mzML	Human_cit_proteome_syn_peptides	likely	2	2	0	0	0	b3*;b8*	b3*;b8*			
P22626-2	ROA2	Isoform A2 of Heterogeneous nuclear ribonucleoproteins A2/B1 	EDTEEHHLR*DYFEEYGK	EDTEEHHLR*DYFEEYGK	C96H132N24O36	733.3171	1		3	0		0	36697		2341.81	02207a_BB3-TUM_mod_citrullination_l_15_01_01-DDA-1h-R1.mzML	Human_cit_proteome_syn_peptides	ambiguous	9	0	9	0	0	b2;y1;y2;y3;y4;y5;y6;y7;y8		b2;y1;y2;y3;y4;y5;y6;y7;y8		
P09651-2	ROA1	Isoform A1-A of Heterogeneous nuclear ribonucleoprotein A1 	EDTEEHHLR*DYFEQ(0.9800)YGK	EDTEEHHLR*DYFEqYGK	C96H132N24O36	733.3171	1		3	0		0	36697		2341.81	02207a_BB3-TUM_mod_citrullination_l_15_01_01-DDA-1h-R1.mzML	Human_cit_proteome_syn_peptides	ambiguous	9	0	9	0	0	b2;y1;y2;y3;y4;y5;y6;y7;y8		b2;y1;y2;y3;y4;y5;y6;y7;y8		
P51674-2	GPM6A	Isoform 2 of Neuronal membrane glycoprotein M6-a 	EEQELHDIHSTR*SK	EEQELHDIHSTR*SK	C70H112N22O28	570.609130859375	1		3	0		0	11156		1005.24	02207a_BB1-TUM_mod_citrullination_l_13_01_01-DDA-1h-R1.mzML	Human_cit_proteome_syn_peptides	true	8	2	4	2	0	b2;b7;y1;y2;y5*;y5*-43;y6*;y6*-43	y5*;y6*	b2;b7;y1;y2	y5*-43;y6*-43	
Q9H2X9	S12A5	Solute carrier family 12 member 5 	EIQSITDESR*GSIR	EIQSITDESR*GSIR	C64H110N20O27	796.400634765625	1		2	0		0	26117		1775.83	02207a_BB1-TUM_mod_citrullination_l_13_01_01-DDA-1h-R1.mzML	Human_cit_proteome_syn_peptides	true	23	7	10	6	0	b10*-43;b2;b3;b4;b6;b7;y1;y10*;y10*-43;y11*;y11*-43;y12*;y2;y3;y4;y5*;y6*;y7*;y7*-43;y8*;y8*-43;y9*;y9*-43	y10*;y11*;y5*;y6*;y7*;y8*;y9*	b2;b3;b4;b6;b7;y1;y12*;y2;y3;y4	b10*-43;y10*-43;y11*-43;y7*-43;y8*-43;y9*-43	
Q9H2X9	S12A5	Solute carrier family 12 member 5 	EREIQSITDESR*	EREIQSITDESR*	C58H98N18O26	732.352966308594	1		2	0		0	22312		1579.04	02207a_BB1-TUM_mod_citrullination_l_13_01_01-DDA-1h-R1.mzML	Human_cit_proteome_syn_peptides	false	7	2	5	0	0	b10;b11;b5;b7;b8;y1*;y2*	y1*;y2*	b10;b11;b5;b7;b8		
Q9H2X9	S12A5	Solute carrier family 12 member 5 	EREIQSITDESR*GSIR	EREIQSITDESR*GSIR	C75H129N25O31	626.3173828125	1		3	0		0	25052		1720.36	02207a_BB1-TUM_mod_citrullination_l_13_01_01-DDA-1h-R1.mzML	Human_cit_proteome_syn_peptides	likely	9	4	4	1	0	b5;b6;b7;y4;y6*;y7*;y8*;y9*;y9*-43	y6*;y7*;y8*;y9*	b5;b6;b7;y4	y9*-43	
Q9UEY8	ADDG	Gamma-adducin 	ER*YFDR*INENDPEYIR	ER*YFDR*INENDPEYIR	C93H135N25O33	1065.99279785156	1		2	0		0	38008		2392.88	02207a_BB1-TUM_mod_citrullination_l_13_01_01-DDA-1h-R1.mzML	Human_cit_proteome_syn_peptides	ambiguous	4	0	4	0	0	y1;y5;y8;y9		y1;y5;y8;y9		
Q9UEY8	ADDG	Gamma-adducin 	ER*YFDRIN(0.9800)ENDPEYIR	ER*YFDRInENDPEYIR	C93H135N25O33	710.996337890625	1		3	0		0	37244		2352.97	02207a_BB1-TUM_mod_citrullination_l_13_01_01-DDA-1h-R1.mzML	Human_cit_proteome_syn_peptides	likely	10	2	8	0	0	b2*;b3*;y1;y2;y3;y4;y5;y6;y7;y8	b2*;b3*	y1;y2;y3;y4;y5;y6;y7;y8		
Q9UEY8	ADDG	Gamma-adducin 	ER*YFDRINEN(0.9800)DPEYIR	ER*YFDRINEnDPEYIR	C93H135N25O33	1065.9926	1		2	0		0	34037		2186.89	02207a_BB1-TUM_mod_citrullination_l_13_01_01-DDA-1h-R1.mzML	Human_cit_proteome_syn_peptides	true	8	0	6	2	0	b10*;b10*-43;b11*;b11*-43;y1;y3;y5;y6		b10*;b11*;y1;y3;y5;y6	b10*-43;b11*-43	
Q9UEY8	ADDG	Gamma-adducin 	ER*YFDRINEN(0.9800)DPEYIR	ER*YFDRINEnDPEYIR	C93H135N25O33	710.997	1		3	0		0	34717		2228.19	02207a_BB2-TUM_mod_citrullination_l_14_01_01-DDA-1h-R1.mzML	Human_cit_proteome_syn_peptides	likely	13	2	10	1	0	b6*;b6*-43;b7*;b8*;y1;y2;y3;y4;y5;y6;y7;y8;y9	b6*;b7*	b8*;y1;y2;y3;y4;y5;y6;y7;y8;y9	b6*-43	
Q9UEY8	ADDG	Gamma-adducin 	ERYFDR*INEN(0.9800)DPEYIR	ERYFDR*INEnDPEYIR	C93H135N25O33	1065.9932	1		2	0		0	34188		2200.82	02207a_BB2-TUM_mod_citrullination_l_14_01_01-DDA-1h-R1.mzML	Human_cit_proteome_syn_peptides	true	11	0	8	3	0	b10*;b10*-43;b11*;b11*-43;b5;y1;y11*;y11*-43;y3;y5;y6		b10*;b11*;b5;y1;y11*;y3;y5;y6	b10*-43;b11*-43;y11*-43	
Q9UEY8	ADDG	Gamma-adducin 	ERYFDR*INENDPEYIR	ERYFDR*INENDPEYIR	C93H136N26O32	1065.9918	1		2	0		0	37238		2352.55	02207a_BB1-TUM_mod_citrullination_l_13_01_01-DDA-1h-R1.mzML	Human_cit_proteome_syn_peptides	true	17	0	13	4	0	y1;y10;y11*;y11*-43;y12*;y12*-43;y13*;y13*-43;y14*-43;y2;y3;y4;y5;y6;y7;y8;y9		y1;y10;y11*;y12*;y13*;y2;y3;y4;y5;y6;y7;y8;y9	y11*-43;y12*-43;y13*-43;y14*-43	
Q5VYS8-3	TUT7	Isoform 3 of Terminal uridylyltransferase 7 	ETPIKR*GQ(0.9800)VVSSLLC(57.0200)R	ETPIKR*GqVVSSLLcR	C78H137N23O26S	922.9729	1		2	0		0	38380		2418.88	02207a_BB2-TUM_mod_citrullination_l_14_01_01-DDA-1h-R1.mzML	Human_cit_proteome_syn_peptides	true	15	0	12	3	0	b2;b3;b4;b6*-43;y1;y10;y11*;y11*-43;y12*;y12*-43;y2;y3;y6;y7;y9		b2;b3;b4;y1;y10;y11*;y12*;y2;y3;y6;y7;y9	b6*-43;y11*-43;y12*-43	
P14136	GFAP	Glial fibrillary acidic protein 	ETR*ASER*AEMM(15.9900)ELNDR	ETR*ASER*AEMmELNDR	C75H126N24O33S2	978.4268	1		2	0		0	26326		1789.05	02207a_BB2-TUM_mod_citrullination_l_14_01_01-DDA-1h-R1.mzML	Human_cit_proteome_syn_peptides	ambiguous	10	1	10	0	0	b3*;y1;y10*;y2;y3;y4;y5;y6;y8;y9	b3*	b3*;y1;y10*;y2;y3;y4;y5;y6;y8;y9		
P14136-2	GFAP	Isoform 2 of Glial fibrillary acidic protein 	ETR*ASER*AEMMELNDR	ETR*ASER*AEMMELNDR	C75H126N24O32S2	970.4299	1		2	0		0	30860		2024.65	02207a_BB2-TUM_mod_citrullination_l_14_01_01-DDA-1h-R1.mzML	Human_cit_proteome_syn_peptides	ambiguous	11	0	11	2	0	y1;y10*;y11*-43;y13*;y13*-43;y3;y4;y5;y6;y7;y9		y1;y10*;y11*-43;y13*;y13*-43;y3;y4;y5;y6;y7;y9	y11*-43;y13*-43	
P14136	GFAP	Glial fibrillary acidic protein 	ETR*ASERAEMMELNDR	ETR*ASERAEMMELNDR	C75H127N25O31S2	970.4301	1		2	0		0	31004		2032.38	02207a_BB2-TUM_mod_citrullination_l_14_01_01-DDA-1h-R1.mzML	Human_cit_proteome_syn_peptides	ambiguous	8	0	8	0	0	y1;y3;y4;y5;y6;y7;y8;y9		y1;y3;y4;y5;y6;y7;y8;y9		
P14136-2	GFAP	Isoform 2 of Glial fibrillary acidic protein 	ETRASER*AEMMELNDR	ETRASER*AEMMELNDR	C75H127N25O31S2	970.43017578125	1		2	0		0	31165		2040.87	02207a_BB2-TUM_mod_citrullination_l_14_01_01-DDA-1h-R1.mzML	Human_cit_proteome_syn_peptides	ambiguous	7	0	7	0	0	y1;y12*;y4;y5;y6;y7;y8		y1;y12*;y4;y5;y6;y7;y8		
Q9UHQ1-2	NARF	Isoform 2 of Nuclear prelamin A recognition factor 	FAAAYGFR*NIQNM(15.9900)ILK	FAAAYGFR*NIQNmILK	C86H132N22O23S	937.486511230469	1		2	0		0	54698		3277.29	02207a_BB2-TUM_mod_citrullination_l_14_01_01-DDA-1h-R1.mzML	Human_cit_proteome_syn_peptides	true	15	0	13	2	0	b2;b3;b4;b5;y1;y11*;y11*-43;y2;y3;y5;y6;y7;y8;y9*;y9*-43		b2;b3;b4;b5;y1;y11*;y2;y3;y5;y6;y7;y8;y9*	y11*-43;y9*-43	
Q9UHQ1-2	NARF	Isoform 2 of Nuclear prelamin A recognition factor 	FAAAYGFR*NIQNMILK	FAAAYGFR*NIQNMILK	C86H132N22O22S	929.4901	1		2	0		0	54622		3273.1	02207a_BB2-TUM_mod_citrullination_l_14_01_01-DDA-1h-R1.mzML	Human_cit_proteome_syn_peptides	true	23	0	18	5	0	b2;b3;b4;b5;b6;b8*-43;y1;y10*;y11*;y11*-43;y12*;y12*-43;y13*;y13*-43;y2;y3;y4;y5;y6;y7;y8;y9*;y9*-43		b2;b3;b4;b5;b6;y1;y10*;y11*;y12*;y13*;y2;y3;y4;y5;y6;y7;y8;y9*	b8*-43;y11*-43;y12*-43;y13*-43;y9*-43	
P14136	GFAP	Glial fibrillary acidic protein 	FADLTDAAAR*NAELLR	FADLTDAAAR*NAELLR	C75H122N22O26	874.454162597656	1		2	0		0	46422		2837.07	02207a_BB1-TUM_mod_citrullination_l_13_01_01-DDA-1h-R1.mzML	Human_cit_proteome_syn_peptides	true	20	0	16	4	0	b2;b3;b4;b5;b6;b8;b9;y1;y10*;y10*-43;y11*;y11*-43;y12*;y12*-43;y3;y6;y7*;y8*;y8*-43;y9*		b2;b3;b4;b5;b6;b8;b9;y1;y10*;y11*;y12*;y3;y6;y7*;y8*;y9*	y10*-43;y11*-43;y12*-43;y8*-43	
Q53R41	FAKD1	FAST kinase domain-containing protein 1, mitochondrial 	FLAR*LDSQ(0.9800)LEILSPSR	FLAR*LDSqLEILSPSR	C82H135N21O27	924.0015	1		2	0		0	53993		3239.39	02207a_BB2-TUM_mod_citrullination_l_14_01_01-DDA-1h-R1.mzML	Human_cit_proteome_syn_peptides	likely	15	1	13	1	0	b11*;b2;b3;b4*;y10;y11;y12;y14*-43;y3;y4;y5;y6;y7;y8;y9	b4*	b11*;b2;b3;y10;y11;y12;y3;y4;y5;y6;y7;y8;y9	y14*-43	
Q53R41	FAKD1	FAST kinase domain-containing protein 1, mitochondrial 	FLAR*LDSQ(0.9800)LEILSPSR	FLAR*LDSqLEILSPSR	C82H135N21O27	924.005676269531	1		2	0		0	53322		3221.3	02207a_BB3-TUM_mod_citrullination_l_15_01_01-DDA-1h-R1.mzML	Human_cit_proteome_syn_peptides	ambiguous	8	0	8	0	0	b2;b3;y10;y11;y3;y4;y5;y6		b2;b3;y10;y11;y3;y4;y5;y6		
Q92804-2	RBP56	Isoform Short of TATA-binding protein-associated factor 2N 	GGGYGGDR*GGGYGGDR	GGGYGGDR*GGGYGGDR	C58H83N21O24	729.804931640625	1		2	0		0	12371		1068.7	02207a_BB1-TUM_mod_citrullination_l_13_01_01-DDA-1h-R1.mzML	Human_cit_proteome_syn_peptides	true	20	5	11	4	0	b3;b4;b5;b7;b8*;b8*-43;b9*-43;y1;y10*;y11*;y11*-43;y12*;y3;y4;y5;y6;y7;y8;y9*;y9*-43	b8*;y10*;y11*;y12*;y9*	b3;b4;b5;b7;y1;y3;y4;y5;y6;y7;y8	b8*-43;b9*-43;y11*-43;y9*-43	
Q92804-2	RBP56	Isoform Short of TATA-binding protein-associated factor 2N 	GGGYGGDR*GGGYGGDR	GGGYGGDR*GGGYGGDR	C58H83N21O24	729.804260253906	1		2	0		0	12452		1074.01	02207a_BB2-TUM_mod_citrullination_l_14_01_01-DDA-1h-R1.mzML	Human_cit_proteome_syn_peptides	true	22	5	13	4	0	b2;b3;b4;b5;b6;b7;b8*;b8*-43;y1;y10*;y11*;y11*-43;y12*;y12*-43;y3;y4;y5;y6;y7;y8;y9*;y9*-43	b8*;y10*;y11*;y12*;y9*	b2;b3;b4;b5;b6;b7;y1;y3;y4;y5;y6;y7;y8	b8*-43;y11*-43;y12*-43;y9*-43	
Q92804-2	RBP56	Isoform Short of TATA-binding protein-associated factor 2N 	GGYGGDR*GGGYGGDR	GGYGGDR*GGGYGGDR	C56H80N20O23	701.293701171875	1		2	0		0	12603		1080.64	02207a_BB1-TUM_mod_citrullination_l_13_01_01-DDA-1h-R1.mzML	Human_cit_proteome_syn_peptides	true	21	4	12	5	0	b3;b4;b5;b6;b7*;b7*-43;y1;y10*;y10*-43;y11*-43;y12*;y12*-43;y2;y3;y4;y5;y6;y7;y8;y9*;y9*-43	b7*;y10*;y12*;y9*	b3;b4;b5;b6;y1;y2;y3;y4;y5;y6;y7;y8	b7*-43;y10*-43;y11*-43;y12*-43;y9*-43	
Q92804-2	RBP56	Isoform Short of TATA-binding protein-associated factor 2N 	GGYGGDR*SGGGYGGDR	GGYGGDR*SGGGYGGDR	C59H85N21O25	744.810241699219	1		2	0		0	12530		1078.04	02207a_BB2-TUM_mod_citrullination_l_14_01_01-DDA-1h-R1.mzML	Human_cit_proteome_syn_peptides	likely	10	1	8	1	0	b3;b7*;b8*-43;y1;y3;y5;y6;y7;y8;y9	b7*	b3;y1;y3;y5;y6;y7;y8;y9	b8*-43	
P02751-16	FINC	Isoform 16 of Fibronectin 	GNLLQC(57.0200)IC(57.0200)TGN(0.9800)GR*GEWK	GNLLQcIcTGnGR*GEWK	C81H129N25O28S2	982.953247070313	1		2	0		0	42106		2614.06	02207a_BB2-TUM_mod_citrullination_l_14_01_01-DDA-1h-R1.mzML	Human_cit_proteome_syn_peptides	true	24	1	15	7	1	b2;b3;b3-43;b4;b5;b6;b7;y1;y10*;y10*-43;y11*;y11*-43;y12*;y12*-43;y13*;y13*-43;y2;y4;y6*;y6*-43;y8*;y8*-43;y9*;y9*-43	y6*	b2;b3;b4;b5;b6;b7;y1;y10*;y11*;y12*;y13*;y2;y4;y8*;y9*	y10*-43;y11*-43;y12*-43;y13*-43;y6*-43;y8*-43;y9*-43	b3-43
Q2UY09	COSA1	Collagen alpha-1(XXVIII) chain 	GPR*GIQ(0.9800)GITGPPGDPGPK	GPR*GIqGITGPPGDPGPK	C74H119N21O25	851.942932128906	1		2	0		0	31055		2042.73	02207a_BB3-TUM_mod_citrullination_l_15_01_01-DDA-1h-R1.mzML	Human_cit_proteome_syn_peptides	true	37	3	22	10	2	b10*;b10*-43;b11*;b14*;b14*-43;b2;b3*;b3*-43;b4*;b4*-43;b5*;b5*-43;b6*;b6*-43;b7*-43;b8*;b8*-43;b9*;b9*-43;y1;y10;y11;y12;y13;y14;y15;y16*-43;y2;y3;y4;y5;y5-43;y6;y6-43;y7;y8;y9	b3*;b4*;b5*	b10*;b11*;b14*;b2;b6*;b8*;b9*;y1;y10;y11;y12;y13;y14;y15;y2;y3;y4;y5;y6;y7;y8;y9	b10*-43;b14*-43;b3*-43;b4*-43;b5*-43;b6*-43;b7*-43;b8*-43;b9*-43;y16*-43	y5-43;y6-43
Q92896-3	GSLG1	Isoform 3 of Golgi apparatus protein 1 	GR*Q(0.9800)VSSEC(57.0200)QGEM(15.9900)LDYR	GR*qVSSEcQGEmLDYR	C76H121N23O32S2	966.908325195313	1		2	0		0	22027		1564.59	02207a_BB1-TUM_mod_citrullination_l_13_01_01-DDA-1h-R1.mzML	Human_cit_proteome_syn_peptides	true	24	1	17	6	0	b2*;b2*-43;b3*;b3*-43;b5*;b5*-43;b6*-43;b7*-43;b9*;b9*-43;y1;y10;y11;y12;y13;y14;y2;y3;y4;y5;y6;y7;y8;y9	b2*	b3*;b5*;b9*;y1;y10;y11;y12;y13;y14;y2;y3;y4;y5;y6;y7;y8;y9	b2*-43;b3*-43;b5*-43;b6*-43;b7*-43;b9*-43	
Q92896-3	GSLG1	Isoform 3 of Golgi apparatus protein 1 	GR*Q(0.9800)VSSEC(57.0200)QGEMLDYR	GR*qVSSEcQGEMLDYR	C76H121N23O31S2	958.910339355469	1		2	0		0	28118		1879.89	02207a_BB1-TUM_mod_citrullination_l_13_01_01-DDA-1h-R1.mzML	Human_cit_proteome_syn_peptides	likely	17	1	15	1	0	b2*;b2*-43;b3*;y1;y10;y11;y12;y13;y14;y2;y3;y4;y5;y6;y7;y8;y9	b2*	b3*;y1;y10;y11;y12;y13;y14;y2;y3;y4;y5;y6;y7;y8;y9	b2*-43	
Q92896-3	GSLG1	Isoform 3 of Golgi apparatus protein 1 	GR*QVSSEC(57.0200)QGEM(15.9900)LDYR	GR*QVSSEcQGEmLDYR	C76H122N24O31S2	966.908508300781	1		2	0		0	22186		1572.37	02207a_BB1-TUM_mod_citrullination_l_13_01_01-DDA-1h-R1.mzML	Human_cit_proteome_syn_peptides	likely	13	1	11	1	0	b2*;b2*-43;y1;y10;y11;y12;y13;y2;y3;y6;y7;y8;y9	b2*	y1;y10;y11;y12;y13;y2;y3;y6;y7;y8;y9	b2*-43	
Q92896-3	GSLG1	Isoform 3 of Golgi apparatus protein 1 	GR*QVSSEC(57.0200)QGEMLDYR	GR*QVSSEcQGEMLDYR	C76H122N24O30S2	958.910400390625	1		2	0		0	28261		1887.15	02207a_BB1-TUM_mod_citrullination_l_13_01_01-DDA-1h-R1.mzML	Human_cit_proteome_syn_peptides	likely	15	1	13	1	0	b2*;b2*-43;y1;y10;y11;y12;y13;y2;y3;y4;y5;y6;y7;y8;y9	b2*	y1;y10;y11;y12;y13;y2;y3;y4;y5;y6;y7;y8;y9	b2*-43	
Q92896-3	GSLG1	Isoform 3 of Golgi apparatus protein 1 	GR*Q(0.9800)VSSEC(57.0200)QGEM(15.9900)LDYRR	GR*qVSSEcQGEmLDYRR	C82H133N27O33S2	696.973754882813	1		3	0		0	18081		1362.08	02207a_BB3-TUM_mod_citrullination_l_15_01_01-DDA-1h-R1.mzML	Human_cit_proteome_syn_peptides	likely	3	1	1	1	0	b2*;b2*-43;y3	b2*	y3	b2*-43	
Q92896-3	GSLG1	Isoform 3 of Golgi apparatus protein 1 	GR*Q(0.9800)VSSEC(57.0200)QGEMLDYRR	GR*qVSSEcQGEMLDYRR	C82H133N27O32S2	691.642944335938	1		3	0		0	23427		1641.84	02207a_BB3-TUM_mod_citrullination_l_15_01_01-DDA-1h-R1.mzML	Human_cit_proteome_syn_peptides	likely	5	1	3	1	0	b2*;b2*-43;y1;y3;y6	b2*	y1;y3;y6	b2*-43	
P14136	GFAP	Glial fibrillary acidic protein 	GTNESLER*Q(0.9800)MREQEER	GTNESLER*qMREQEER	C77H128N26O34S	665.3011	1		3	0		0	25392		1738.05	02207a_BB1-TUM_mod_citrullination_l_13_01_01-DDA-1h-R1.mzML	Human_cit_proteome_syn_peptides	ambiguous	8	0	8	0	0	b2;b3;b4;b6;y1;y2;y4;y5		b2;b3;b4;b6;y1;y2;y4;y5		
Q9UHB6	LIMA1	LIM domain and actin-binding protein 1 	HR*ADHPPAEVTSHAASGAK	HR*ADHPPAEVTSHAASGAK	C81H126N28O28	485.7405	1		4	0		0	7119		799.212	02207a_BB3-TUM_mod_citrullination_l_15_01_01-DDA-1h-R1.mzML	Human_cit_proteome_syn_peptides	true	13	2	9	2	0	b2*;b2*-43;b5*;b5*-43;y1;y11;y2;y3;y4;y5;y6;y8;y9	b2*;b5*	y1;y11;y2;y3;y4;y5;y6;y8;y9	b2*-43;b5*-43	
P02671	FIBA	Fibrinogen alpha chain 	HR*HPDEAAFFDTASTGK	HR*HPDEAAFFDTASTGK	C82H118N24O28	629.9576	1		3	0		0	26304		1787.92	02207a_BB2-TUM_mod_citrullination_l_14_01_01-DDA-1h-R1.mzML	Human_cit_proteome_syn_peptides	true	19	6	11	2	0	b2*;b2*-43;b3*;b5*;b7*;b8*;b8*-43;b9*;y1;y10;y11;y2;y3;y4;y5;y6;y7;y8;y9	b2*;b3*;b5*;b7*;b8*;b9*	y1;y10;y11;y2;y3;y4;y5;y6;y7;y8;y9	b2*-43;b8*-43	
Q13439-3	GOGA4	Isoform 3 of Golgin subfamily A member 4 	IAELR*EELQ(0.9800)M(15.9900)DQQAK	IAELR*EELqmDQQAK	C75H126N20O30S	910.442504882813	1		2	0		0	33920		2180.9	02207a_BB1-TUM_mod_citrullination_l_13_01_01-DDA-1h-R1.mzML	Human_cit_proteome_syn_peptides	ambiguous	11	0	11	0	0	b2;b3;b4;y1;y10;y2;y5;y6;y7;y8;y9		b2;b3;b4;y1;y10;y2;y5;y6;y7;y8;y9		
Q13439-3	GOGA4	Isoform 3 of Golgin subfamily A member 4 	IAELR*EELQ(0.9800)M(15.9900)DQQAKK	IAELR*EELqmDQQAKK	C81H138N22O31S	649.9943	1		3	0		0	32902		2127.64	02207a_BB1-TUM_mod_citrullination_l_13_01_01-DDA-1h-R1.mzML	Human_cit_proteome_syn_peptides	true	17	1	13	3	0	b2;b3;b4;b5*-43;b7*;b7*-43;b8*-43;y1;y11;y2;y3;y4;y5;y6;y7;y8;y9	b7*	b2;b3;b4;y1;y11;y2;y3;y4;y5;y6;y7;y8;y9	b5*-43;b7*-43;b8*-43	
Q13439-3	GOGA4	Isoform 3 of Golgin subfamily A member 4 	IAELR*EELQ(0.9800)MDQQAKK	IAELR*EELqMDQQAKK	C81H138N22O30S	644.6636	1		3	0		0	32824		2123.3	02207a_BB1-TUM_mod_citrullination_l_13_01_01-DDA-1h-R1.mzML	Human_cit_proteome_syn_peptides	true	19	2	15	2	0	b11*;b2;b3;b4;b5*;b7*;b7*-43;b9*-43;y1;y10;y11;y2;y3;y4;y5;y6;y7;y8;y9	b5*;b7*	b11*;b2;b3;b4;y1;y10;y11;y2;y3;y4;y5;y6;y7;y8;y9	b7*-43;b9*-43	
Q05682	CALD1	Caldesmon 	IAYQR*NDDDEEEAAR	IAYQR*NDDDEEEAAR	C72H110N22O32	898.3911	1		2	0		0	14378		1171.72	02207a_BB1-TUM_mod_citrullination_l_13_01_01-DDA-1h-R1.mzML	Human_cit_proteome_syn_peptides	likely	13	0	12	1	0	b2;b3;b4;y1;y10;y11*;y11*-43;y3;y4;y5;y6;y8;y9		b2;b3;b4;y1;y10;y11*;y3;y4;y5;y6;y8;y9	y11*-43	
Q7L2E3-2	DHX30	Isoform 2 of Putative ATP-dependent RNA helicase DHX30 	IDAER*Q(0.9800)AAAAAC(57.0200)QLFK	IDAER*qAAAAAcQLFK	C75H121N21O26S	882.9344	1		2	0		0	51032		3080.2	02207a_BB1-TUM_mod_citrullination_l_13_01_01-DDA-1h-R1.mzML	Human_cit_proteome_syn_peptides	true	16	0	14	2	0	b10*;b2;b3;b4;b5*-43;b6*-43;y1;y10;y11;y2;y3;y4;y6;y7;y8;y9		b10*;b2;b3;b4;y1;y10;y11;y2;y3;y4;y6;y7;y8;y9	b5*-43;b6*-43	
P11413-3	G6PD	Isoform 3 of Glucose-6-phosphate 1-dehydrogenase 	IIVEKPFGR*DLQSSDR	IIVEKPFGR*DLQSSDR	C81H133N23O27	620.999206542969	1		3	0		0	30770		2019.66	02207a_BB2-TUM_mod_citrullination_l_14_01_01-DDA-1h-R1.mzML	Human_cit_proteome_syn_peptides	true	18	1	15	2	0	b10*;b2;b3;b4;b7;y1;y10*;y11*;y11*-43;y2;y3;y4;y5;y6;y7;y8*;y9*;y9*-43	b10*	b2;b3;b4;b7;y1;y10*;y11*;y2;y3;y4;y5;y6;y7;y8*;y9*	y11*-43;y9*-43	
O60343-3	TBCD4	Isoform 3 of TBC1 domain family member 4 	IQALESNLEN(0.9800)LLTR*	IQALESNLEnLLTR*	C69H118N18O26	808.433	1		2	0		0	55433		3315.83	02207a_BB2-TUM_mod_citrullination_l_14_01_01-DDA-1h-R1.mzML	Human_cit_proteome_syn_peptides	false	13	3	9	1	0	b10;b11;b12;b2;b3;b4;b5;b7;b8;y1*;y2*;y3*;y3*-43	y1*;y2*;y3*	b10;b11;b12;b2;b3;b4;b5;b7;b8	y3*-43	
O60343-3	TBCD4	Isoform 3 of TBC1 domain family member 4 	IQALESNLEN(0.9800)LLTR*ETK	IQALESNLEnLLTR*ETK	C84H144N22O32	987.5255	1		2	0		0	51837		3127	02207a_BB2-TUM_mod_citrullination_l_14_01_01-DDA-1h-R1.mzML	Human_cit_proteome_syn_peptides	true	28	3	15	10	0	b2;b3;b4;b5;b8;y1;y10*;y10*-43;y11*;y11*-43;y12*-43;y13*;y13*-43;y14*;y15*;y15*-43;y2;y3;y4*;y5*;y5*-43;y6*-43;y7*;y7*-43;y8*;y8*-43;y9*;y9*-43	y4*;y5*;y7*	b2;b3;b4;b5;b8;y1;y10*;y11*;y13*;y14*;y15*;y2;y3;y8*;y9*	y10*-43;y11*-43;y12*-43;y13*-43;y15*-43;y5*-43;y6*-43;y7*-43;y8*-43;y9*-43	
Q562E7-4	WDR81	Isoform 4 of WD repeat-containing protein 81 	ISN(0.9800)FHYLM(15.9900)Q(0.9800)LN(0.9800)R*	ISnFHYLmqLnR*	C69H102N16O23S	778.35986328125	1		2	0		0	42118		2614.64	02207a_BB2-TUM_mod_citrullination_l_14_01_01-DDA-1h-R1.mzML	Human_cit_proteome_syn_peptides	false	6	1	5	0	0	b10;b2;b6;b7;b8;y1*	y1*	b10;b2;b6;b7;b8		
Q562E7	WDR81	WD repeat-containing protein 81 	ISN(0.9800)FHYLMQ(0.9800)LN(0.9800)R*	ISnFHYLMqLnR*	C69H102N16O22S	770.361877441406	1		2	0		0	47467		2896.7	02207a_BB2-TUM_mod_citrullination_l_14_01_01-DDA-1h-R1.mzML	Human_cit_proteome_syn_peptides	false	7	1	6	0	0	b10;b11;b6;b7;b8;b9;y1*	y1*	b10;b11;b6;b7;b8;b9		
Q562E7-4	WDR81	Isoform 4 of WD repeat-containing protein 81 	ISN(0.9800)FHYLM(15.9900)Q(0.9800)LN(0.9800)R*LAGR	ISnFHYLmqLnR*LAGR	C86H133N23O27S	651.657165527344	1		3	0		0	48051		2927.77	02207a_BB2-TUM_mod_citrullination_l_14_01_01-DDA-1h-R1.mzML	Human_cit_proteome_syn_peptides	true	17	1	13	3	0	b10;b11;b2;b6;b7;b8;y1;y10*;y2;y3;y4;y5*;y5*-43;y6*;y6*-43;y8*;y8*-43	y5*	b10;b11;b2;b6;b7;b8;y1;y10*;y2;y3;y4;y6*;y8*	y5*-43;y6*-43;y8*-43	
Q562E7-4	WDR81	Isoform 4 of WD repeat-containing protein 81 	ISN(0.9800)FHYLMQ(0.9800)LN(0.9800)R*LAGR	ISnFHYLMqLnR*LAGR	C86H133N23O26S	646.325622558594	1		3	0		0	50555		3059.5	02207a_BB2-TUM_mod_citrullination_l_14_01_01-DDA-1h-R1.mzML	Human_cit_proteome_syn_peptides	true	24	1	18	5	0	b10;b11;b2;b5;b6;b7;b8;b9;y1;y10*;y10*-43;y11*;y2;y3;y4;y5*;y5*-43;y6*;y6*-43;y7*;y7*-43;y8*;y9*;y9*-43	y5*	b10;b11;b2;b5;b6;b7;b8;b9;y1;y10*;y11*;y2;y3;y4;y6*;y7*;y8*;y9*	y10*-43;y5*-43;y6*-43;y7*-43;y9*-43	
Q562E7-4	WDR81	Isoform 4 of WD repeat-containing protein 81 	ISN(0.9800)FHYLMQ(0.9800)LN(0.9800)RLAGR*	ISnFHYLMqLnRLAGR*	C86H133N23O26S	968.984069824219	1		2	0		0	50595		3061.63	02207a_BB2-TUM_mod_citrullination_l_14_01_01-DDA-1h-R1.mzML	Human_cit_proteome_syn_peptides	false	5	0	4	1	0	b10;y11*;y11*-43;y12*;y8*		b10;y11*;y12*;y8*	y11*-43	
P02545-2	LMNA	Isoform C of Prelamin-A/C 	ITR*LQEKEDLQELNDR	ITR*LQEKEDLQELNDR	C83H141N25O32	667.6807	1		3	0		0	28820		1919.47	02207a_BB2-TUM_mod_citrullination_l_14_01_01-DDA-1h-R1.mzML	Human_cit_proteome_syn_peptides	likely	9	1	8	0	0	b2;b3*;y1;y3;y4;y5;y6;y7;y9	b3*	b2;y1;y3;y4;y5;y6;y7;y9		
Q9UBZ9-2	REV1	Isoform 2 of DNA repair protein REV1 	LEEQFR*SDAAM(15.9900)Q(0.9800)K	LEEQFR*SDAAmqK	C65H103N17O26S	785.857604980469	1		2	0		0	21836		1554.9	02207a_BB1-TUM_mod_citrullination_l_13_01_01-DDA-1h-R1.mzML	Human_cit_proteome_syn_peptides	true	8	0	6	2	0	b2;b3;b4;y1;y8*;y8*-43;y9*;y9*-43		b2;b3;b4;y1;y8*;y9*	y8*-43;y9*-43	
Q9UBZ9-2	REV1	Isoform 2 of DNA repair protein REV1 	LEEQFR*SDAAMQ(0.9800)K	LEEQFR*SDAAMqK	C65H103N17O25S	777.863830566406	1		2	0		0	26059		1772.92	02207a_BB1-TUM_mod_citrullination_l_13_01_01-DDA-1h-R1.mzML	Human_cit_proteome_syn_peptides	true	17	0	13	4	0	b2;b3;b4;b5;b6*-43;y1;y10*;y11*-43;y3;y4;y5;y6;y7;y8*;y8*-43;y9*;y9*-43		b2;b3;b4;b5;y1;y10*;y3;y4;y5;y6;y7;y8*;y9*	b6*-43;y11*-43;y8*-43;y9*-43	
O60281	ZN292	Zinc finger protein 292 	LGER*LQ(0.9800)ELELQ(0.9800)LR	LGER*LqELELqLR	C69H118N18O25	800.434448242188	1		2	0		0	50679		3061.95	02207a_BB1-TUM_mod_citrullination_l_13_01_01-DDA-1h-R1.mzML	Human_cit_proteome_syn_peptides	likely	11	0	10	1	0	b2;b3;b4*-43;y1;y2;y4;y5;y6;y7;y8;y9		b2;b3;y1;y2;y4;y5;y6;y7;y8;y9	b4*-43	
O60281	ZN292	Zinc finger protein 292 	LGERLQ(0.9800)ELELQ(0.9800)LR*	LGERLqELELqLR*	C69H118N18O25	800.433898925781	1		2	0		0	47954		2922.83	02207a_BB2-TUM_mod_citrullination_l_14_01_01-DDA-1h-R1.mzML	Human_cit_proteome_syn_peptides	false	8	2	6	0	0	b10;b11;b12;b6;b7;b9;y1*;y2*	y1*;y2*	b10;b11;b12;b6;b7;b9		
O60281	ZN292	Zinc finger protein 292 	LGER*LQ(0.9800)ELELQ(0.9800)LRESR	LGER*LqELELqLRESR	C83H142N24O31	658.0168	1		3	0		0	46825		2858.2	02207a_BB1-TUM_mod_citrullination_l_13_01_01-DDA-1h-R1.mzML	Human_cit_proteome_syn_peptides	true	7	1	4	2	0	b2;b3;b4*;b4*-43;b5*-43;y1;y2	b4*	b2;b3;y1;y2	b4*-43;b5*-43	
O60281	ZN292	Zinc finger protein 292 	LGERLQ(0.9800)ELELQ(0.9800)LR*ESR	LGERLqELELqLR*ESR	C83H142N24O31	986.523315429688	1		2	0		0	45254		2780.24	02207a_BB2-TUM_mod_citrullination_l_14_01_01-DDA-1h-R1.mzML	Human_cit_proteome_syn_peptides	true	20	1	14	5	0	b10;b11;b12;b13*-43;b14*;b4;b6;b8;b9;y1;y10*;y10*-43;y12*;y12*-43;y2;y3;y5*;y5*-43;y9*;y9*-43	y5*	b10;b11;b12;b14*;b4;b6;b8;b9;y1;y10*;y12*;y2;y3;y9*	b13*-43;y10*-43;y12*-43;y5*-43;y9*-43	
Q9BQG0-2	MBB1A	Isoform 2 of Myb-binding protein 1A 	LSLVIR*SPSLLQSGAK	LSLVIR*SPSLLQSGAK	C74H132N20O23	835.498107910156	1		2	0		0	46548		2847.71	02207a_BB2-TUM_mod_citrullination_l_14_01_01-DDA-1h-R1.mzML	Human_cit_proteome_syn_peptides	true	15	0	12	3	0	b2;b3;b4;b5;b7*-43;y1;y10;y11*;y11*-43;y12*;y12*-43;y4;y5;y6;y9		b2;b3;b4;b5;y1;y10;y11*;y12*;y4;y5;y6;y9	b7*-43;y11*-43;y12*-43	
Q9BQG0-2	MBB1A	Isoform 2 of Myb-binding protein 1A 	LSLVIR*SPSLLQSGAKK	LSLVIR*SPSLLQSGAKK	C80H144N22O24	600.0316	1		3	0		0	41794		2597.85	02207a_BB2-TUM_mod_citrullination_l_14_01_01-DDA-1h-R1.mzML	Human_cit_proteome_syn_peptides	true	17	0	15	2	0	b10*-43;b2;b3;b4;b5;y1;y10;y11;y12*;y12*-43;y2;y4;y5;y6;y7;y8;y9		b2;b3;b4;b5;y1;y10;y11;y12*;y2;y4;y5;y6;y7;y8;y9	b10*-43;y12*-43	
Q29RF7	PDS5A	Sister chromatid cohesion protein PDS5 homolog A 	LTR*DAQSPDESK	LTR*DAQSPDESK	C54H90N16O24	674.323364257813	1		2	0		0	7944		841.978	02207a_BB1-TUM_mod_citrullination_l_13_01_01-DDA-1h-R1.mzML	Human_cit_proteome_syn_peptides	true	12	0	10	2	0	b2;b3*-43;y1;y10*;y10*-43;y2;y3;y5;y6;y7;y8;y9		b2;y1;y10*;y2;y3;y5;y6;y7;y8;y9	b3*-43;y10*-43	
Q29RF7	PDS5A	Sister chromatid cohesion protein PDS5 homolog A 	LTR*DAQSPDESKTN(0.9800)EK	LTR*DAQSPDESKTnEK	C73H121N21O33	607.624389648438	1		3	0		0	7506		819.942	02207a_BB1-TUM_mod_citrullination_l_13_01_01-DDA-1h-R1.mzML	Human_cit_proteome_syn_peptides	ambiguous	7	0	7	0	0	b2;y1;y10;y2;y4;y6;y9		b2;y1;y10;y2;y4;y6;y9		
Q29RF7	PDS5A	Sister chromatid cohesion protein PDS5 homolog A 	LTR*DAQSPDESKTNEK	LTR*DAQSPDESKTNEK	C73H122N22O32	607.293640136719	1		3	0		0	6690		777.92	02207a_BB1-TUM_mod_citrullination_l_13_01_01-DDA-1h-R1.mzML	Human_cit_proteome_syn_peptides	true	19	2	14	3	0	b2;b3*;b3*-43;b4*;b4*-43;b6*;b7*-43;y1;y10;y11;y12;y2;y3;y4;y5;y6;y7;y8;y9	b3*;b4*	b2;b6*;y1;y10;y11;y12;y2;y3;y4;y5;y6;y7;y8;y9	b3*-43;b4*-43;b7*-43	
Q9H0X9-2	OSBL5	Isoform 2 of Oxysterol-binding protein-related protein 5 	LWQ(0.9800)HVTR*AISK	LWqHVTR*AISK	C61H97N17O17	670.870544433594	1		2	0		0	29343		1942.86	02207a_BB1-TUM_mod_citrullination_l_13_01_01-DDA-1h-R1.mzML	Human_cit_proteome_syn_peptides	true	15	4	7	4	0	b2;b5;b7*-43;b9*;b9*-43;y1;y2;y3;y4;y5*;y6*;y7*;y7*-43;y8*;y8*-43	y5*;y6*;y7*;y8*	b2;b5;b9*;y1;y2;y3;y4	b7*-43;b9*-43;y7*-43;y8*-43	
Q9H0X9-2	OSBL5	Isoform 2 of Oxysterol-binding protein-related protein 5 	LWQ(0.9800)HVTR*AISKGDQ(0.9800)HR	LWqHVTR*AISKGDqHR	C84H131N27O26	484.5024	1		4	0		0	25739		1755.92	02207a_BB1-TUM_mod_citrullination_l_13_01_01-DDA-1h-R1.mzML	Human_cit_proteome_syn_peptides	ambiguous	8	0	8	0	0	b2;b4;b6;y1;y2;y5;y7;y9		b2;b4;b6;y1;y2;y5;y7;y9		
Q9H0X9-2	OSBL5	Isoform 2 of Oxysterol-binding protein-related protein 5 	LWQHVTR*AISKGDQ(0.9800)HR	LWQHVTR*AISKGDqHR	C84H132N28O25	387.803	1		5	0		0	25664		1752.15	02207a_BB1-TUM_mod_citrullination_l_13_01_01-DDA-1h-R1.mzML	Human_cit_proteome_syn_peptides	ambiguous	9	0	9	0	0	b2;y1;y2;y3;y4;y5;y6;y7;y9		b2;y1;y2;y3;y4;y5;y6;y7;y9		
Q8WZ42-2	TITIN	Isoform 2 of Titin 	M(15.9900)AM(15.9900)Q(0.9800)R*N(0.9800)LC(57.0200)TLELFSVN(0.9800)R	mAmqR*nLcTLELFSVnR	C87H143N23O32S3	1059.9803	1		2	0		0	48460		2964.2	02207a_BB3-TUM_mod_citrullination_l_15_01_01-DDA-1h-R1.mzML	Human_cit_proteome_syn_peptides	true	13	0	11	2	0	b13*-43;y1;y10;y11;y12;y13*;y13*-43;y4;y5;y6;y7;y8;y9		y1;y10;y11;y12;y13*;y4;y5;y6;y7;y8;y9	b13*-43;y13*-43	
Q8WZ42-12	TITIN	Isoform 12 of Titin 	M(15.9900)AM(15.9900)QR*N(0.9800)LC(57.0200)TLELFSVN(0.9800)R	mAmQR*nLcTLELFSVnR	C87H144N24O31S3	1059.9808	1		2	0		0	48299		2955.54	02207a_BB3-TUM_mod_citrullination_l_15_01_01-DDA-1h-R1.mzML	Human_cit_proteome_syn_peptides	ambiguous	2	0	2	0	0	y7;y8		y7;y8		
Q8WZ42-12	TITIN	Isoform 12 of Titin 	M(15.9900)AMQ(0.9800)R*N(0.9800)LC(57.0200)TLELFSVN(0.9800)R	mAMqR*nLcTLELFSVnR	C87H143N23O31S3	1051.9834	1		2	0		0	52251		3164.8	02207a_BB3-TUM_mod_citrullination_l_15_01_01-DDA-1h-R1.mzML	Human_cit_proteome_syn_peptides	ambiguous	10	0	10	0	0	y1;y10;y11;y12;y13*;y4;y5;y6;y7;y9		y1;y10;y11;y12;y13*;y4;y5;y6;y7;y9		
Q8WZ42-9	TITIN	Isoform 9 of Titin 	M(15.9900)AMQR*N(0.9800)LC(57.0200)TLELFSVN(0.9800)R	mAMQR*nLcTLELFSVnR	C87H144N24O30S3	1051.98522949219	1		2	0		0	52533		3179.68	02207a_BB3-TUM_mod_citrullination_l_15_01_01-DDA-1h-R1.mzML	Human_cit_proteome_syn_peptides	ambiguous	7	0	7	0	0	y1;y10;y11;y4;y5;y6;y9		y1;y10;y11;y4;y5;y6;y9		
Q8WZ42-7	TITIN	Isoform 7 of Titin 	MAM(15.9900)Q(0.9800)R*N(0.9800)LC(57.0200)TLELFSVN(0.9800)R	MAmqR*nLcTLELFSVnR	C87H143N23O31S3	1051.9839	1		2	0		0	49915		3041.68	02207a_BB3-TUM_mod_citrullination_l_15_01_01-DDA-1h-R1.mzML	Human_cit_proteome_syn_peptides	likely	14	0	13	1	0	b2;y1;y10;y11;y12;y13*;y13*-43;y3;y4;y5;y6;y7;y8;y9		b2;y1;y10;y11;y12;y13*;y3;y4;y5;y6;y7;y8;y9	y13*-43	
Q8WZ42-2	TITIN	Isoform 2 of Titin 	MAM(15.9900)QR*N(0.9800)LC(57.0200)TLELFSVN(0.9800)R	MAmQR*nLcTLELFSVnR	C87H144N24O30S3	1051.985	1		2	0		0	52383		3171.69	02207a_BB3-TUM_mod_citrullination_l_15_01_01-DDA-1h-R1.mzML	Human_cit_proteome_syn_peptides	ambiguous	2	0	2	0	0	y12;y13*		y12;y13*		
Q8WZ42-12	TITIN	Isoform 12 of Titin 	MAMQ(0.9800)R*N(0.9800)LC(57.0200)TLELFSVN(0.9800)R	MAMqR*nLcTLELFSVnR	C87H143N23O30S3	1043.9872	1		2	0		0	55354		3329.93	02207a_BB3-TUM_mod_citrullination_l_15_01_01-DDA-1h-R1.mzML	Human_cit_proteome_syn_peptides	likely	12	0	11	1	0	b2;b3;b5*-43;y1;y10;y11;y12;y4;y5;y6;y7;y9		b2;b3;y1;y10;y11;y12;y4;y5;y6;y7;y9	b5*-43	
Q8WZ42-9	TITIN	Isoform 9 of Titin 	MAMQR*N(0.9800)LC(57.0200)TLELFSVN(0.9800)R	MAMQR*nLcTLELFSVnR	C87H144N24O29S3	1043.9872	1		2	0		0	55355		3330.07	02207a_BB3-TUM_mod_citrullination_l_15_01_01-DDA-1h-R1.mzML	Human_cit_proteome_syn_peptides	ambiguous	4	0	4	0	0	y10;y13*;y6;y9		y10;y13*;y6;y9		
Q5JR59-4	MTUS2	Isoform 3 of Microtubule-associated tumor suppressor candidate 2 	(42.0100)M(15.9900)AR*LQ(0.9800)EEHGDQ(0.9800)LLSIR	mAR*LqEEHGDqLLSIR	C81H133N23O31S	978.9728	1		2	0		0	40723		2542.21	02207a_BB2-TUM_mod_citrullination_l_14_01_01-DDA-1h-R1.mzML	Human_cit_proteome_syn_peptides	true	17	2	13	2	0	b3*;b4*;b4*-43;b8*-43;y1;y10;y11;y12;y13;y2;y3;y4;y5;y6;y7;y8;y9	b3*;b4*	y1;y10;y11;y12;y13;y2;y3;y4;y5;y6;y7;y8;y9	b4*-43;b8*-43	
Q9H799	CE042	Uncharacterized protein C5orf42 	M(15.9900)EIR*LEILTSTGIKQ(0.9800)K	mEIR*LEILTSTGIKqK	C81H144N20O28S	626.6812	1		3	0		0	42702		2639.9	02207a_BB1-TUM_mod_citrullination_l_13_01_01-DDA-1h-R1.mzML	Human_cit_proteome_syn_peptides	true	17	4	9	4	0	b4*;b4*-43;b5*;b5*-43;b6*;b6*-43;b7*;b7*-43;y1;y10;y11;y12;y5;y6;y7;y8;y9	b4*;b5*;b6*;b7*	y1;y10;y11;y12;y5;y6;y7;y8;y9	b4*-43;b5*-43;b6*-43;b7*-43	
Q9H799	CE042	Uncharacterized protein C5orf42 	MEIR*LEILTSTGIKQ(0.9800)K	MEIR*LEILTSTGIKqK	C81H144N20O27S	621.349609375	1		3	0		0	47089		2871.97	02207a_BB1-TUM_mod_citrullination_l_13_01_01-DDA-1h-R1.mzML	Human_cit_proteome_syn_peptides	true	19	3	12	4	0	b2;b3;b4*;b4*-43;b5*-43;b6*;b6*-43;b7*;b7*-43;y1;y10;y11;y12;y3;y5;y6;y7;y8;y9	b4*;b6*;b7*	b2;b3;y1;y10;y11;y12;y3;y5;y6;y7;y8;y9	b4*-43;b5*-43;b6*-43;b7*-43	
O75694-2	NU155	Isoform 2 of Nuclear pore complex protein Nup155 	M(15.9900)EVAR*IQ(0.9800)LQIQETLQR	mEVAR*IqLQIQETLQR	C83H144N24O29S	987.525207519531	1		2	0		0	50633		3063.68	02207a_BB2-TUM_mod_citrullination_l_14_01_01-DDA-1h-R1.mzML	Human_cit_proteome_syn_peptides	true	19	1	14	4	0	b5*-43;b6*;b6*-43;b7*-43;b9*;y1;y10;y11;y12*;y12*-43;y13*;y2;y3;y4;y5;y6;y7;y8;y9	b6*	b9*;y1;y10;y11;y12*;y13*;y2;y3;y4;y5;y6;y7;y8;y9	b5*-43;b6*-43;b7*-43;y12*-43	
O75694-2	NU155	Isoform 2 of Nuclear pore complex protein Nup155 	MEVAR*IQ(0.9800)LQIQETLQR	MEVAR*IqLQIQETLQR	C83H144N24O28S	979.5241	1		2	0		0	55828		3336.44	02207a_BB2-TUM_mod_citrullination_l_14_01_01-DDA-1h-R1.mzML	Human_cit_proteome_syn_peptides	true	30	2	20	8	0	b10*;b10*-43;b2;b3;b4;b5*;b5*-43;b6*;b6*-43;b7*;b7*-43;b8*;b8*-43;b9*;b9*-43;y1;y10;y11;y12*;y12*-43;y13*;y13*-43;y2;y3;y4;y5;y6;y7;y8;y9	b5*;b6*	b10*;b2;b3;b4;b7*;b8*;b9*;y1;y10;y11;y12*;y13*;y2;y3;y4;y5;y6;y7;y8;y9	b10*-43;b5*-43;b6*-43;b7*-43;b8*-43;b9*-43;y12*-43;y13*-43	
O75694-2	NU155	Isoform 2 of Nuclear pore complex protein Nup155 	MEVAR*IQ(0.9800)LQIQETLQR	MEVAR*IqLQIQETLQR	C83H144N24O28S	979.526611328125	1		2	0		0	55378		3331.11	02207a_BB3-TUM_mod_citrullination_l_15_01_01-DDA-1h-R1.mzML	Human_cit_proteome_syn_peptides	ambiguous	8	0	8	0	0	b2;b3;y10;y11;y5;y7;y8;y9		b2;b3;y10;y11;y5;y7;y8;y9		
O75694-2	NU155	Isoform 2 of Nuclear pore complex protein Nup155 	MEVAR*IQLQ(0.9800)IQETLQR	MEVAR*IQLqIQETLQR	C83H144N24O28S	979.525024414063	1		2	0		0	55980		3344.43	02207a_BB2-TUM_mod_citrullination_l_14_01_01-DDA-1h-R1.mzML	Human_cit_proteome_syn_peptides	true	6	0	3	3	0	b11*;b15*-43;b5*-43;b6*-43;y12*;y13*		b11*;y12*;y13*	b15*-43;b5*-43;b6*-43	
Q8N573-6	OXR1	Isoform 6 of Oxidation resistance protein 1 	M(15.9900)Q(0.9800)QTKQQR*EN(0.9800)IQ(0.9800)Q(0.9800)VSQ(0.9800)K	mqQTKQQR*EnIqqVSqK	C85H142N24O37S	708.6656	1		3	0		0	19120		1415.73	02207a_BB3-TUM_mod_citrullination_l_15_01_01-DDA-1h-R1.mzML	Human_cit_proteome_syn_peptides	ambiguous	4	0	4	0	0	b6;b7;y1;y5		b6;b7;y1;y5		
Q8N573-6	OXR1	Isoform 6 of Oxidation resistance protein 1 	MQ(0.9800)QTKQQR*EN(0.9800)IQ(0.9800)Q(0.9800)VSQ(0.9800)K	MqQTKQQR*EnIqqVSqK	C85H142N24O36S	1054.4983	1		2	0		0	21211		1525.62	02207a_BB3-TUM_mod_citrullination_l_15_01_01-DDA-1h-R1.mzML	Human_cit_proteome_syn_peptides	true	5	0	3	2	0	b11*-43;b6;b7;b8*-43;y1		b6;b7;y1	b11*-43;b8*-43	
Q8IZP9-9	AGRG2	Isoform 9 of Adhesion G-protein coupled receptor G2 	N(0.9800)GGR*GGWSDNGC(57.0200)SVKDR	nGGR*GGWSDNGcSVKDR	C71H110N26O29S	608.5966	1		3	0		0	15408		1223.58	02207a_BB3-TUM_mod_citrullination_l_15_01_01-DDA-1h-R1.mzML	Human_cit_proteome_syn_peptides	likely	8	0	7	1	0	b4*-43;y1;y2;y3;y5;y6;y7;y8		y1;y2;y3;y5;y6;y7;y8	b4*-43	
Q8IZP9-9	AGRG2	Isoform 9 of Adhesion G-protein coupled receptor G2 	NGGR*GGWSDN(0.9800)GC(57.0200)SVKDR	NGGR*GGWSDnGcSVKDR	C71H110N26O29S	608.595581054688	1		3	0		0	15118		1208.19	02207a_BB3-TUM_mod_citrullination_l_15_01_01-DDA-1h-R1.mzML	Human_cit_proteome_syn_peptides	likely	8	0	7	1	0	b2;b3;b4*;b4*-43;y1;y5;y7;y8		b2;b3;b4*;y1;y5;y7;y8	b4*-43	
Q8IZP9-9	AGRG2	Isoform 9 of Adhesion G-protein coupled receptor G2 	NGGR*GGWSDNGC(57.0200)SVKDR	NGGR*GGWSDNGcSVKDR	C71H111N27O28S	608.595520019531	1		3	0		0	13971		1148.36	02207a_BB3-TUM_mod_citrullination_l_15_01_01-DDA-1h-R1.mzML	Human_cit_proteome_syn_peptides	likely	10	0	9	1	0	b2;b3;b4*-43;b9*;y1;y2;y4;y5;y7;y8		b2;b3;b9*;y1;y2;y4;y5;y7;y8	b4*-43	
P14136	GFAP	Glial fibrillary acidic protein 	N(0.9800)IVVKTVEM(15.9900)R*DGEVIK	nIVVKTVEmR*DGEVIK	C79H138N20O28S	924.494	1		2	0		0	31799		2074.24	02207a_BB2-TUM_mod_citrullination_l_14_01_01-DDA-1h-R1.mzML	Human_cit_proteome_syn_peptides	true	12	2	8	2	0	b10*-43;b4;b6;b7;y1;y11*;y11*-43;y2;y3;y5;y6;y9*	y11*;y9*	b4;b6;b7;y1;y2;y3;y5;y6	b10*-43;y11*-43	
Q8WYB5	KAT6B	Histone acetyltransferase KAT6B 	NKYLHSPESR*PVTGER	NKYLHSPESR*PVTGER	C80H127N25O27	468.490753173828	1		4	0		0	15512		1230.73	02207a_BB1-TUM_mod_citrullination_l_13_01_01-DDA-1h-R1.mzML	Human_cit_proteome_syn_peptides	ambiguous	12	0	12	0	0	b2;b3;b5;b6;b8;b9;y1;y2;y3;y4;y5;y6		b2;b3;b5;b6;b8;b9;y1;y2;y3;y4;y5;y6		
Q7Z353	HDX	Highly divergent homeobox 	NLRSVFTVEQ(0.9800)Q(0.9800)R*	NLRSVFTVEqqR*	C63H102N18O23	740.3769	1		2	0		0	36729		2325.92	02207a_BB1-TUM_mod_citrullination_l_13_01_01-DDA-1h-R1.mzML	Human_cit_proteome_syn_peptides	false	10	1	9	0	0	b10;b11;b3;b4;b5;b6;b7;b8;b9;y1*	y1*	b10;b11;b3;b4;b5;b6;b7;b8;b9		
Q7Z353	HDX	Highly divergent homeobox 	NLR*SVFTVEQ(0.9800)Q(0.9800)RILQR	NLR*SVFTVEqqRILQR	C86H144N26O28	664.0292	1		3	0		0	48490		2951.04	02207a_BB2-TUM_mod_citrullination_l_14_01_01-DDA-1h-R1.mzML	Human_cit_proteome_syn_peptides	likely	8	0	7	1	0	b2;b3*;b3*-43;y1;y3;y4;y5;y6		b2;b3*;y1;y3;y4;y5;y6	b3*-43	
Q7Z353	HDX	Highly divergent homeobox 	NLRSVFTVEQ(0.9800)Q(0.9800)R*ILQR	NLRSVFTVEqqR*ILQR	C86H144N26O28	664.0295	1		3	0		0	46526		2842.55	02207a_BB1-TUM_mod_citrullination_l_13_01_01-DDA-1h-R1.mzML	Human_cit_proteome_syn_peptides	true	17	0	15	2	0	b10;b11;b5;b6;b7;b8;b9;y1;y2;y3;y4;y5*;y5*-43;y6*;y7*;y8*;y8*-43		b10;b11;b5;b6;b7;b8;b9;y1;y2;y3;y4;y5*;y6*;y7*;y8*	y5*-43;y8*-43	
Q7Z460	CLAP1	CLIP-associating protein 1 	NQPAR*FKNYAELTIM(15.9900)K	NQPAR*FKNYAELTImK	C86H137N23O26S	647.6697	1		3	0		0	32502		2110.81	02207a_BB2-TUM_mod_citrullination_l_14_01_01-DDA-1h-R1.mzML	Human_cit_proteome_syn_peptides	likely	10	0	9	1	0	b1;b2;b5*-43;y1;y10;y11;y6;y7;y8;y9		b1;b2;y1;y10;y11;y6;y7;y8;y9	b5*-43	
Q7Z460	CLAP1	CLIP-associating protein 1 	NQPAR*FKNYAELTIMK	NQPAR*FKNYAELTIMK	C86H137N23O25S	642.337585449219	1		3	0		0	37759		2386.56	02207a_BB2-TUM_mod_citrullination_l_14_01_01-DDA-1h-R1.mzML	Human_cit_proteome_syn_peptides	ambiguous	14	0	14	0	0	b1;b10*;b2;y1;y10;y11;y2;y3;y4;y5;y6;y7;y8;y9		b1;b10*;b2;y1;y10;y11;y2;y3;y4;y5;y6;y7;y8;y9		
P54821-2	PRRX1	Isoform 2 of Paired mesoderm homeobox protein 1 	NR*TTFN(0.9800)SSQLQALER	NR*TTFnSSQLQALER	C73H119N23O28	883.939392089844	1		2	0		0	36827		2338.03	02207a_BB2-TUM_mod_citrullination_l_14_01_01-DDA-1h-R1.mzML	Human_cit_proteome_syn_peptides	ambiguous	4	0	4	0	0	b13*;y11;y12;y3		b13*;y11;y12;y3		
O75167-4	PHAR2	Isoform 4 of Phosphatase and actin regulator 2 	Q(0.9800)EIR*Q(0.9800)Q(0.9800)IGTK	qEIR*qqIGTK	C50H85N13O21	602.3518	1		2	0		0	22454		1586.54	02207a_BB1-TUM_mod_citrullination_l_13_01_01-DDA-1h-R1.mzML	Human_cit_proteome_syn_peptides	likely	4	0	3	1	0	y1;y3;y4;y7*-43		y1;y3;y4	y7*-43	
Q96M27	PRRC1	Protein PRRC1 	QM(15.9900)IYSAAR*AIAGM(15.9900)YK	QmIYSAAR*AIAGmYK	C74H119N19O23S2	853.917785644531	1		2	0		0	38253		2412.48	02207a_BB2-TUM_mod_citrullination_l_14_01_01-DDA-1h-R1.mzML	Human_cit_proteome_syn_peptides	true	11	6	3	2	0	y10*;y10*-43;y11*;y11*-43;y12*;y13*;y2;y6;y7;y8*;y9*	y10*;y11*;y12*;y13*;y8*;y9*	y2;y6;y7	y10*-43;y11*-43	
Q96M27	PRRC1	Protein PRRC1 	QM(15.9900)IYSAAR*AIAGMYK	QmIYSAAR*AIAGMYK	C74H119N19O22S2	845.920471191406	1		2	0		0	43917		2710.16	02207a_BB2-TUM_mod_citrullination_l_14_01_01-DDA-1h-R1.mzML	Human_cit_proteome_syn_peptides	true	17	6	8	3	0	b10*;y1;y10*;y10*-43;y11*;y11*-43;y12*;y12*-43;y13*;y2;y3;y4;y5;y6;y7;y8*;y9*	y10*;y11*;y12*;y13*;y8*;y9*	b10*;y1;y2;y3;y4;y5;y6;y7	y10*-43;y11*-43;y12*-43	
Q96M27	PRRC1	Protein PRRC1 	QMIYSAAR*AIAGM(15.9900)YK	QMIYSAAR*AIAGmYK	C74H119N19O22S2	845.919372558594	1		2	0		0	42370		2627.72	02207a_BB2-TUM_mod_citrullination_l_14_01_01-DDA-1h-R1.mzML	Human_cit_proteome_syn_peptides	true	16	6	7	3	0	b2;b3;y1;y10*;y11*;y11*-43;y12*;y12*-43;y13*;y2;y4;y5;y7;y8*;y9*;y9*-43	y10*;y11*;y12*;y13*;y8*;y9*	b2;b3;y1;y2;y4;y5;y7	y11*-43;y12*-43;y9*-43	
Q96M27	PRRC1	Protein PRRC1 	QMIYSAAR*AIAGMYK	QMIYSAAR*AIAGMYK	C74H119N19O21S2	837.9218	1		2	0		0	48625		2958.02	02207a_BB2-TUM_mod_citrullination_l_14_01_01-DDA-1h-R1.mzML	Human_cit_proteome_syn_peptides	true	16	4	8	4	0	b2;b3;y1;y10*;y10*-43;y11*;y11*-43;y12*;y12*-43;y2;y4;y5;y6;y7;y9*;y9*-43	y10*;y11*;y12*;y9*	b2;b3;y1;y2;y4;y5;y6;y7	y10*-43;y11*-43;y12*-43;y9*-43	
Q8N573-6	OXR1	Isoform 6 of Oxidation resistance protein 1 	Q(0.9800)Q(0.9800)TKQ(0.9800)QR*EN(0.9800)IQ(0.9800)Q(0.9800)VSQ(0.9800)K	qqTKqQR*EnIqqVSqK	C80H131N21O37	660.6473	1		3	0		0	19602		1441.66	02207a_BB3-TUM_mod_citrullination_l_15_01_01-DDA-1h-R1.mzML	Human_cit_proteome_syn_peptides	ambiguous	3	0	3	0	0	y1;y3;y4		y1;y3;y4		
P08240-2	SRPRA	Isoform 2 of Signal recognition particle receptor subunit alpha 	Q(0.9800)R*PYVVTFC(57.0200)GVN(0.9800)GVGK	qR*PYVVTFcGVnGVGK	C79H122N20O25S	892.43359375	1		2	0		0	39672		2486.4	02207a_BB2-TUM_mod_citrullination_l_14_01_01-DDA-1h-R1.mzML	Human_cit_proteome_syn_peptides	likely	5	0	4	1	0	b6*-43;y11;y12;y2;y5		y11;y12;y2;y5	b6*-43	
P08240-2	SRPRA	Isoform 2 of Signal recognition particle receptor subunit alpha 	Q(0.9800)R*PYVVTFC(57.0200)GVN(0.9800)GVGK	qR*PYVVTFcGVnGVGK	C79H122N20O25S	892.437866210938	1		2	0		0	39737		2501.38	02207a_BB3-TUM_mod_citrullination_l_15_01_01-DDA-1h-R1.mzML	Human_cit_proteome_syn_peptides	ambiguous	4	0	4	0	0	y10;y11;y12;y14		y10;y11;y12;y14		
P08240-2	SRPRA	Isoform 2 of Signal recognition particle receptor subunit alpha 	QR*PYVVTFC(57.0200)GVN(0.9800)GVGK	QR*PYVVTFcGVnGVGK	C79H123N21O24S	892.440185546875	1		2	0		0	40534		2543.83	02207a_BB3-TUM_mod_citrullination_l_15_01_01-DDA-1h-R1.mzML	Human_cit_proteome_syn_peptides	ambiguous	12	0	12	0	0	y1;y10;y11;y12;y13;y14;y2;y3;y5;y7;y8;y9		y1;y10;y11;y12;y13;y14;y2;y3;y5;y7;y8;y9		
Q14315-2	FLNC	Isoform 2 of Filamin-C 	R*DTVEVALEDK	R*DTVEVALEDK	C53H90N14O22	638.324645996094	1		2	0		0	29091		1933.15	02207a_BB2-TUM_mod_citrullination_l_14_01_01-DDA-1h-R1.mzML	Human_cit_proteome_syn_peptides	likely	11	0	10	1	0	b1*-43;y1;y10;y2;y3;y4;y5;y6;y7;y8;y9		y1;y10;y2;y3;y4;y5;y6;y7;y8;y9	b1*-43	
Q14315-2	FLNC	Isoform 2 of Filamin-C 	R*DTVEVALEDKGDSTFR	R*DTVEVALEDKGDSTFR	C81H131N23O32	646.987	1		3	0		0	31985		2084.03	02207a_BB2-TUM_mod_citrullination_l_14_01_01-DDA-1h-R1.mzML	Human_cit_proteome_syn_peptides	ambiguous	4	0	4	0	0	y1;y4;y6;y7		y1;y4;y6;y7		
Q92995	UBP13	Ubiquitin carboxyl-terminal hydrolase 13 	R*GALFGM(15.9900)PGGSGGR	R*GALFGmPGGSGGR	C55H89N19O18S	668.824890136719	1		2	0		0	25966		1770.51	02207a_BB2-TUM_mod_citrullination_l_14_01_01-DDA-1h-R1.mzML	Human_cit_proteome_syn_peptides	likely	15	2	12	1	0	b1*-43;b3*;b4*;y1;y10;y11;y12;y13;y3;y4;y5;y6;y7;y8;y9	b3*;b4*	y1;y10;y11;y12;y13;y3;y4;y5;y6;y7;y8;y9	b1*-43	
P51991	ROA3	Heterogeneous nuclear ribonucleoprotein A3 	R*GEEGHDPKEPEQLR	R*GEEGHDPKEPEQLR	C73H116N24O28	593.2888	1		3	0		0	11178		1007.37	02207a_BB2-TUM_mod_citrullination_l_14_01_01-DDA-1h-R1.mzML	Human_cit_proteome_syn_peptides	true	10	1	7	2	0	b1*;b1*-43;b7*-43;y1;y3;y4;y5;y6;y7;y8	b1*	y1;y3;y4;y5;y6;y7;y8	b1*-43;b7*-43	
P22626-2	ROA2	Isoform A2 of Heterogeneous nuclear ribonucleoproteins A2/B1 	R*GFGFVTFDDHDPVDK	R*GFGFVTFDDHDPVDK	C84H117N21O27	926.929565429688	1		2	0		0	42221		2614.53	02207a_BB1-TUM_mod_citrullination_l_13_01_01-DDA-1h-R1.mzML	Human_cit_proteome_syn_peptides	true	15	3	10	2	0	b1*-43;b12*;b12*-43;b3*;b4*;y1;y10;y11;y12;y2;y4;y5;y6;y8;y9	b12*;b3*;b4*	y1;y10;y11;y12;y2;y4;y5;y6;y8;y9	b1*-43;b12*-43	
Q5VYS8-3	TUT7	Isoform 3 of Terminal uridylyltransferase 7 	R*GQ(0.9800)VVSSLLC(57.0200)R	R*GqVVSSLLcR	C52H93N17O18S	638.838073730469	1		2	0		0	35710		2279.84	02207a_BB2-TUM_mod_citrullination_l_14_01_01-DDA-1h-R1.mzML	Human_cit_proteome_syn_peptides	ambiguous	2	0	2	0	0	y6;y7		y6;y7		
P12110	CO6A2	Collagen alpha-2(VI) chain 	R*GTFTDC(57.0200)ALANM(15.9900)TEQIR	R*GTFTDcALANmTEQIR	C81H133N25O30S2	1000.9642	1		2	0		0	32893		2131.34	02207a_BB2-TUM_mod_citrullination_l_14_01_01-DDA-1h-R1.mzML	Human_cit_proteome_syn_peptides	likely	15	2	13	0	0	b2*;b3*;y1;y10;y11;y12;y13;y2;y3;y4;y5;y6;y7;y8;y9	b2*;b3*	y1;y10;y11;y12;y13;y2;y3;y4;y5;y6;y7;y8;y9		
P12110	CO6A2	Collagen alpha-2(VI) chain 	R*GTFTDC(57.0200)ALANMTEQIR	R*GTFTDcALANMTEQIR	C81H133N25O29S2	992.9669	1		2	0		0	43829		2705.59	02207a_BB2-TUM_mod_citrullination_l_14_01_01-DDA-1h-R1.mzML	Human_cit_proteome_syn_peptides	likely	18	3	14	1	0	b1*-43;b2*;b3*;b4*;y1;y10;y11;y12;y13;y14;y2;y3;y4;y5;y6;y7;y8;y9	b2*;b3*;b4*	y1;y10;y11;y12;y13;y14;y2;y3;y4;y5;y6;y7;y8;y9	b1*-43	
P35580-2	MYH10	Isoform 2 of Myosin-10 	R*HEM(15.9900)PPHIYAISESAYR	R*HEmPPHIYAISESAYR	C91H136N26O28S	691.9993	1		3	0		0	26525		1804.1	02207a_BB3-TUM_mod_citrullination_l_15_01_01-DDA-1h-R1.mzML	Human_cit_proteome_syn_peptides	true	11	1	8	2	0	b1*-43;b2*;b2*-43;y1;y10;y4;y5;y6;y7;y8;y9	b2*	y1;y10;y4;y5;y6;y7;y8;y9	b1*-43;b2*-43	
P35580-2	MYH10	Isoform 2 of Myosin-10 	R*HEMPPHIYAISESAYR	R*HEMPPHIYAISESAYR	C91H136N26O27S	686.6678	1		3	0		0	28897		1929.62	02207a_BB3-TUM_mod_citrullination_l_15_01_01-DDA-1h-R1.mzML	Human_cit_proteome_syn_peptides	likely	9	2	7	0	0	b4*;b7*;y1;y4;y5;y6;y7;y8;y9	b4*;b7*	y1;y4;y5;y6;y7;y8;y9		
P31689	DNJA1	DnaJ homolog subfamily A member 1 	R*HYN(0.9800)GEAYEDDEHHPR	R*HYnGEAYEDDEHHPR	C85H115N27O32	507.4633	1		4	0		0	10316		963.251	02207a_BB2-TUM_mod_citrullination_l_14_01_01-DDA-1h-R1.mzML	Human_cit_proteome_syn_peptides	true	15	2	9	4	0	b1*-43;b2*;b3*;b4*;b5*-43;b6*;b6*-43;b7*;b7*-43;y1;y2;y3;y4;y7;y8	b2*;b3*	b4*;b6*;b7*;y1;y2;y3;y4;y7;y8	b1*-43;b5*-43;b6*-43;b7*-43	
P54821-2	PRRX1	Isoform 2 of Paired mesoderm homeobox protein 1 	R*NRTTFN(0.9800)SSQLQALER	R*NRTTFnSSQLQALER	C79H131N27O29	961.9901	1		2	0		0	31857		2073.43	02207a_BB1-TUM_mod_citrullination_l_13_01_01-DDA-1h-R1.mzML	Human_cit_proteome_syn_peptides	likely	8	0	7	1	0	b7*;b7*-43;y1;y10;y11;y13;y6;y9		b7*;y1;y10;y11;y13;y6;y9	b7*-43	
Q8N612-2	F16A2	Isoform 2 of FTS and Hook-interacting protein 	R*PSLGELLLR	R*PSLGELLLR	C51H91N15O15	577.849243164063	1		2	0		0	47791		2914.03	02207a_BB2-TUM_mod_citrullination_l_14_01_01-DDA-1h-R1.mzML	Human_cit_proteome_syn_peptides	likely	10	0	9	1	0	b1*-43;y1;y2;y3;y4;y5;y6;y7;y8;y9		y1;y2;y3;y4;y5;y6;y7;y8;y9	b1*-43	
Q8N612-2	F16A2	Isoform 2 of FTS and Hook-interacting protein 	R*PSLGELLLRHAHSPTR	R*PSLGELLLRHAHSPTR	C84H141N29O24	486.025695800781	1		4	0		0	34372		2210.28	02207a_BB2-TUM_mod_citrullination_l_14_01_01-DDA-1h-R1.mzML	Human_cit_proteome_syn_peptides	ambiguous	4	0	4	0	0	y1;y3;y4;y5		y1;y3;y4;y5		
Q8N612-2	F16A2	Isoform 2 of FTS and Hook-interacting protein 	RPSLGELLLR*HAHSPTR	RPSLGELLLR*HAHSPTR	C84H141N29O24	486.0258	1		4	0		0	33697		2182.87	02207a_BB3-TUM_mod_citrullination_l_15_01_01-DDA-1h-R1.mzML	Human_cit_proteome_syn_peptides	ambiguous	14	0	14	0	0	b2;b3;b4;b5;b6;b7;b8;b9;y1;y3;y4;y5;y6;y7		b2;b3;b4;b5;b6;b7;b8;b9;y1;y3;y4;y5;y6;y7		
Q96M27	PRRC1	Protein PRRC1 	RQM(15.9900)IYSAAR*AIAGM(15.9900)YK	RQmIYSAAR*AIAGmYK	C80H131N23O24S2	621.6483	1		3	0		0	33846		2182.97	02207a_BB2-TUM_mod_citrullination_l_14_01_01-DDA-1h-R1.mzML	Human_cit_proteome_syn_peptides	ambiguous	7	0	7	0	0	b6;b7;b8;y4;y5;y6;y7		b6;b7;b8;y4;y5;y6;y7		
Q96M27	PRRC1	Protein PRRC1 	RQMIYSAAR*AIAGMYK	RQMIYSAAR*AIAGMYK	C80H131N23O22S2	610.9828	1		3	0		0	43756		2701.77	02207a_BB2-TUM_mod_citrullination_l_14_01_01-DDA-1h-R1.mzML	Human_cit_proteome_syn_peptides	ambiguous	10	0	10	0	0	b3;b4;b5;b6;b7;y2;y4;y5;y6;y7		b3;b4;b5;b6;b7;y2;y4;y5;y6;y7		
P08240-2	SRPRA	Isoform 2 of Signal recognition particle receptor subunit alpha 	R*QR*PYVVTFC(57.0200)GVN(0.9800)GVGK	R*QR*PYVVTFcGVnGVGK	C85H134N24O26S	970.981994628906	1		2	0		0	38821		2453.2	02207a_BB3-TUM_mod_citrullination_l_15_01_01-DDA-1h-R1.mzML	Human_cit_proteome_syn_peptides	ambiguous	8	0	8	1	0	b1*-43;y11;y14;y2;y4;y5;y8;y9		b1*-43;y11;y14;y2;y4;y5;y8;y9	b1*-43	
P08240-2	SRPRA	Isoform 2 of Signal recognition particle receptor subunit alpha 	RQ(0.9800)R*PYVVTFC(57.0200)GVN(0.9800)GVGK	RqR*PYVVTFcGVnGVGK	C85H134N24O26S	647.32470703125	1		3	0		0	35749		2281.89	02207a_BB2-TUM_mod_citrullination_l_14_01_01-DDA-1h-R1.mzML	Human_cit_proteome_syn_peptides	true	18	0	16	2	0	b3*;b5*;b6*;b6*-43;b7*;b7*-43;b9*;y1;y10;y11;y12;y2;y4;y5;y6;y7;y8;y9		b3*;b5*;b6*;b7*;b9*;y1;y10;y11;y12;y2;y4;y5;y6;y7;y8;y9	b6*-43;b7*-43	
P08240-2	SRPRA	Isoform 2 of Signal recognition particle receptor subunit alpha 	RQ(0.9800)R*PYVVTFC(57.0200)GVN(0.9800)GVGK	RqR*PYVVTFcGVnGVGK	C85H134N24O26S	647.328063964844	1		3	0		0	35042		2254.51	02207a_BB3-TUM_mod_citrullination_l_15_01_01-DDA-1h-R1.mzML	Human_cit_proteome_syn_peptides	ambiguous	15	0	15	0	0	b5*;b6*;b7*;b8*;b9*;y1;y10;y11;y2;y4;y5;y6;y7;y8;y9		b5*;b6*;b7*;b8*;b9*;y1;y10;y11;y2;y4;y5;y6;y7;y8;y9		
P08240-2	SRPRA	Isoform 2 of Signal recognition particle receptor subunit alpha 	RQR*PYVVTFC(57.0200)GVN(0.9800)GVGK	RQR*PYVVTFcGVnGVGK	C85H135N25O25S	647.329	1		3	0		0	35186		2262.3	02207a_BB3-TUM_mod_citrullination_l_15_01_01-DDA-1h-R1.mzML	Human_cit_proteome_syn_peptides	ambiguous	8	0	8	0	0	y1;y10;y2;y4;y6;y7;y8;y9		y1;y10;y2;y4;y6;y7;y8;y9		
P31689	DNJA1	DnaJ homolog subfamily A member 1 	R*R*HYN(0.9800)GEAYEDDEHHPR	R*R*HYnGEAYEDDEHHPR	C91H126N30O34	546.7344	1		4	0		0	11026		999.58	02207a_BB2-TUM_mod_citrullination_l_14_01_01-DDA-1h-R1.mzML	Human_cit_proteome_syn_peptides	ambiguous	7	0	7	1	0	b1*-43;b2**-43;b3**-43;y2;y3;y4;y7		b1*-43;b2**-43;b3**-43;y2;y3;y4;y7	b1*-43	
P31689	DNJA1	DnaJ homolog subfamily A member 1 	RR*HYN(0.9800)GEAYEDDEHHPR	RR*HYnGEAYEDDEHHPR	C91H127N31O33	546.7344	1		4	0		0	10863		991.209	02207a_BB2-TUM_mod_citrullination_l_14_01_01-DDA-1h-R1.mzML	Human_cit_proteome_syn_peptides	ambiguous	8	0	8	0	0	y1;y2;y3;y4;y5;y6;y7;y8		y1;y2;y3;y4;y5;y6;y7;y8		
Q13574	DGKZ	Diacylglycerol kinase zeta 	R*R*SSAQ(0.9800)LQ(0.9800)GC(57.0200)LLSC(57.0200)GVR	R*R*SSAqLqGcLLScGVR	C77H134N26O29S2	976.4702	1		2	0		0	37548		2386.72	02207a_BB3-TUM_mod_citrullination_l_15_01_01-DDA-1h-R1.mzML	Human_cit_proteome_syn_peptides	likely	8	1	7	1	0	b1*-43;b2**;y1;y11;y12;y15;y5;y6	b2**	b1*-43;y1;y11;y12;y15;y5;y6	b1*-43	
Q13574	DGKZ	Diacylglycerol kinase zeta 	RR*SSAQ(0.9800)LQ(0.9800)GC(57.0200)LLSC(57.0200)GVR	RR*SSAqLqGcLLScGVR	C77H135N27O28S2	976.4702	1		2	0		0	37549		2386.73	02207a_BB3-TUM_mod_citrullination_l_15_01_01-DDA-1h-R1.mzML	Human_cit_proteome_syn_peptides	ambiguous	1	0	1	0	0	y9		y9		
Q9BVJ6	UT14A	U3 small nucleolar RNA-associated protein 14 homolog A 	R*SELSQDAEPAGSQETK	R*SELSQDAEPAGSQETK	C73H120N22O33	917.427856445313	1		2	0		0	15176		1211.29	02207a_BB3-TUM_mod_citrullination_l_15_01_01-DDA-1h-R1.mzML	Human_cit_proteome_syn_peptides	likely	8	0	7	1	0	b10*;b15*;b16*;b5*-43;y12;y14;y15;y9		b10*;b15*;b16*;y12;y14;y15;y9	b5*-43	
Q13263	TIF1B	Transcription intermediary factor 1-beta 	R*SR*SGEGEVSGLM(15.9900)R	R*SR*SGEGEVSGLmR	C59H103N21O25S	769.867919921875	1		2	0		0	18015		1358.24	02207a_BB1-TUM_mod_citrullination_l_13_01_01-DDA-1h-R1.mzML	Human_cit_proteome_syn_peptides	ambiguous	7	0	7	1	0	b1*-43;y10;y11;y4;y7;y8;y9		b1*-43;y10;y11;y4;y7;y8;y9	b1*-43	
Q13574	DGKZ	Diacylglycerol kinase zeta 	R*SSAQ(0.9800)LQ(0.9800)GC(57.0200)LLSC(57.0200)GVR	R*SSAqLqGcLLScGVR	C71H123N23O27S2	897.928833007813	1		2	0		0	37139		2365.3	02207a_BB3-TUM_mod_citrullination_l_15_01_01-DDA-1h-R1.mzML	Human_cit_proteome_syn_peptides	likely	14	2	12	0	0	b2*;b3*;y1;y10;y11;y13;y14;y3;y4;y5;y6;y7;y8;y9	b2*;b3*	y1;y10;y11;y13;y14;y3;y4;y5;y6;y7;y8;y9		
O75376	NCOR1	Nuclear receptor corepressor 1 	R*SYESVEGNIK	R*SYESVEGNIK	C54H87N15O21	641.820251464844	1		2	0		0	21847		1558.75	02207a_BB3-TUM_mod_citrullination_l_15_01_01-DDA-1h-R1.mzML	Human_cit_proteome_syn_peptides	likely	11	1	9	1	0	b1*-43;b2*;y1;y10;y2;y4;y5;y6;y7;y8;y9	b2*	y1;y10;y2;y4;y5;y6;y7;y8;y9	b1*-43	
O75376	NCOR1	Nuclear receptor corepressor 1 	R*SYESVEGNIKQGM(15.9900)SM(15.9900)R	R*SYESVEGNIKQGmSmR	C80H133N25O31S2	668.9769	1		3	0		0	19742		1448.91	02207a_BB3-TUM_mod_citrullination_l_15_01_01-DDA-1h-R1.mzML	Human_cit_proteome_syn_peptides	true	9	3	4	2	0	b1*-43;b2*;b2*-43;b3*;b7*;y1;y3;y5;y7	b2*;b3*;b7*	y1;y3;y5;y7	b1*-43;b2*-43	
O75376	NCOR1	Nuclear receptor corepressor 1 	R*SYESVEGNIKQGMSMR	R*SYESVEGNIKQGMSMR	C80H133N25O29S2	986.9673	1		2	0		0	31039		2041.81	02207a_BB3-TUM_mod_citrullination_l_15_01_01-DDA-1h-R1.mzML	Human_cit_proteome_syn_peptides	likely	13	1	12	0	0	b3*;y1;y10;y11;y12;y13;y14;y3;y4;y5;y6;y7;y8	b3*	y1;y10;y11;y12;y13;y14;y3;y4;y5;y6;y7;y8		
Q8WZ42-5	TITIN	Isoform 5 of Titin 	R*TEEGYYEAITAVELK	R*TEEGYYEAITAVELK	C83H129N19O30	936.967	1		2	0		0	44240		2727.2	02207a_BB2-TUM_mod_citrullination_l_14_01_01-DDA-1h-R1.mzML	Human_cit_proteome_syn_peptides	likely	15	2	12	1	0	b1*-43;b2*;b3*;y1;y10;y12;y13;y2;y3;y4;y5;y6;y7;y8;y9	b2*;b3*	y1;y10;y12;y13;y2;y3;y4;y5;y6;y7;y8;y9	b1*-43	
Q13228	SBP1	Selenium-binding protein 1 	R*VAGGPQ(0.9800)M(15.9900)IQLSLDGK	R*VAGGPqmIQLSLDGK	C71H122N20O25S	844.4404	1		2	0		0	36474		2330.14	02207a_BB3-TUM_mod_citrullination_l_15_01_01-DDA-1h-R1.mzML	Human_cit_proteome_syn_peptides	likely	11	2	9	0	0	b2*;b3*;y1;y12;y2;y3;y4;y5;y6;y7;y9	b2*;b3*	y1;y12;y2;y3;y4;y5;y6;y7;y9		
Q13228	SBP1	Selenium-binding protein 1 	R*VAGGPQ(0.9800)MIQLSLDGK	R*VAGGPqMIQLSLDGK	C71H122N20O24S	836.442687988281	1		2	0		0	42579		2652.52	02207a_BB3-TUM_mod_citrullination_l_15_01_01-DDA-1h-R1.mzML	Human_cit_proteome_syn_peptides	likely	11	1	10	0	0	b2*;y11;y13;y14;y2;y3;y5;y6;y7;y8;y9	b2*	y11;y13;y14;y2;y3;y5;y6;y7;y8;y9		
Q13228	SBP1	Selenium-binding protein 1 	R*VAGGPQ(0.9800)M(15.9900)IQLSLDGKR	R*VAGGPqmIQLSLDGKR	C77H134N24O26S	615.328918457031	1		3	0		0	32171		2100.99	02207a_BB3-TUM_mod_citrullination_l_15_01_01-DDA-1h-R1.mzML	Human_cit_proteome_syn_peptides	likely	12	2	9	1	0	b1*-43;b2*;b3*;b7*;y1;y10;y3;y4;y6;y7;y8;y9	b2*;b3*	b7*;y1;y10;y3;y4;y6;y7;y8;y9	b1*-43	
Q13228	SBP1	Selenium-binding protein 1 	R*VAGGPQ(0.9800)MIQLSLDGKR	R*VAGGPqMIQLSLDGKR	C77H134N24O25S	914.491088867188	1		2	0		0	37690		2394.21	02207a_BB3-TUM_mod_citrullination_l_15_01_01-DDA-1h-R1.mzML	Human_cit_proteome_syn_peptides	ambiguous	7	0	7	0	0	y1;y12;y14;y15;y3;y6;y9		y1;y12;y14;y15;y3;y6;y9		
Q92804-2	RBP56	Isoform Short of TATA-binding protein-associated factor 2N 	SGGGYGGDR*GGGYGGDR	SGGGYGGDR*GGGYGGDR	C61H88N22O26	773.3196	1		2	0		0	12593		1080.18	02207a_BB1-TUM_mod_citrullination_l_13_01_01-DDA-1h-R1.mzML	Human_cit_proteome_syn_peptides	true	17	4	11	2	0	b2;b3;b4;b5;b8;b9*-43;y1;y10*;y11*;y12*;y12*-43;y3;y5;y6;y7;y8;y9*	y10*;y11*;y12*;y9*	b2;b3;b4;b5;b8;y1;y3;y5;y6;y7;y8	b9*-43;y12*-43	
Q92804-2	RBP56	Isoform Short of TATA-binding protein-associated factor 2N 	SGGGYGGDR*GGGYGGDR	SGGGYGGDR*GGGYGGDR	C61H88N22O26	773.320434570313	1		2	0		0	12863		1095.57	02207a_BB2-TUM_mod_citrullination_l_14_01_01-DDA-1h-R1.mzML	Human_cit_proteome_syn_peptides	likely	2	1	0	1	0	b11*;y11*-43	b11*		y11*-43	
Q92804-2	RBP56	Isoform Short of TATA-binding protein-associated factor 2N 	SGGYGGDR*SGGGYGGDR	SGGYGGDR*SGGGYGGDR	C62H90N22O27	788.326965332031	1		2	0		0	12760		1089.97	02207a_BB2-TUM_mod_citrullination_l_14_01_01-DDA-1h-R1.mzML	Human_cit_proteome_syn_peptides	true	14	4	8	2	0	b3;b4;b8*-43;y1;y10*;y11*;y12*;y13*;y13*-43;y4;y6;y7;y8;y9	y10*;y11*;y12*;y13*	b3;b4;y1;y4;y6;y7;y8;y9	b8*-43;y13*-43	
Q0VD83-3	APOBR	Isoform 3 of Apolipoprotein B receptor 	SGQAQER*QESHEQEVNR	SGQAQER*QESHEQEVNR	C78H125N29O34	671.6395	1		3	0		0	6339		758.566	02207a_BB3-TUM_mod_citrullination_l_15_01_01-DDA-1h-R1.mzML	Human_cit_proteome_syn_peptides	ambiguous	14	0	14	0	0	b2;b3;b4;b5;b6;y1;y10;y2;y3;y4;y5;y6;y7;y9		b2;b3;b4;b5;b6;y1;y10;y2;y3;y4;y5;y6;y7;y9		
P0DJI9	SAA2	Serum amyloid A-2 protein 	SGR*DPNHFRPAGLPEK	SGR*DPNHFRPAGLPEK	C77H119N25O24	445.479370117188	1		4	0		0	20553		1489.02	02207a_BB1-TUM_mod_citrullination_l_13_01_01-DDA-1h-R1.mzML	Human_cit_proteome_syn_peptides	true	9	2	5	2	0	b2;b3*;b3*-43;b4*;b4*-43;y1;y2;y3;y7	b3*;b4*	b2;y1;y2;y3;y7	b3*-43;b4*-43	
P02686-6	MBP	Isoform 6 of Myelin basic protein 	SHGR*TQDENPVVHFFK	SHGR*TQDENPVVHFFK	C84H123N25O26	475.485	1		4	0		0	34255		2198.2	02207a_BB1-TUM_mod_citrullination_l_13_01_01-DDA-1h-R1.mzML	Human_cit_proteome_syn_peptides	likely	11	1	9	1	0	b2;b3;b4*-43;b5*;y1;y2;y3;y4;y5;y6;y7	b5*	b2;b3;y1;y2;y3;y4;y5;y6;y7	b4*-43	
P51674-2	GPM6A	Isoform 2 of Neuronal membrane glycoprotein M6-a 	SKEEQELHDIHSTR*SK	SKEEQELHDIHSTR*SK	C79H129N25O31	481.989959716797	1		4	0		0	12064		1052.86	02207a_BB1-TUM_mod_citrullination_l_13_01_01-DDA-1h-R1.mzML	Human_cit_proteome_syn_peptides	true	11	2	7	2	0	b2;b3;b4;b5;b6;y1;y2;y4*;y5*;y5*-43;y6*-43	y4*;y5*	b2;b3;b4;b5;b6;y1;y2	y5*-43;y6*-43	
P33527-9	MRP1	Isoform 9 of Multidrug resistance-associated protein 1 	SPM(15.9900)SFFER*TPSGN(0.9800)LVNR	SPmSFFER*TPSGnLVNR	C84H129N23O29S	978.961364746094	1		2	0		0	38767		2450.38	02207a_BB3-TUM_mod_citrullination_l_15_01_01-DDA-1h-R1.mzML	Human_cit_proteome_syn_peptides	true	17	1	12	4	0	b15*-43;b4;b6;b7;b8*-43;b9*;y10*;y10*-43;y11*;y11*-43;y12*;y2;y3;y4;y6;y8;y9	b9*	b4;b6;b7;y10*;y11*;y12*;y2;y3;y4;y6;y8;y9	b15*-43;b8*-43;y10*-43;y11*-43	
P33527-9	MRP1	Isoform 9 of Multidrug resistance-associated protein 1 	SPMSFFER*TPSGN(0.9800)LVNR	SPMSFFER*TPSGnLVNR	C84H129N23O28S	647.6451	1		3	0		0	44792		2769.03	02207a_BB3-TUM_mod_citrullination_l_15_01_01-DDA-1h-R1.mzML	Human_cit_proteome_syn_peptides	likely	12	0	11	1	0	b2;b6;b7;b8*-43;y1;y3;y4;y5;y6;y7;y8;y9		b2;b6;b7;y1;y3;y4;y5;y6;y7;y8;y9	b8*-43	
Q0VF96-2	CGNL1	Isoform 2 of Cingulin-like protein 1 	SR*EQ(0.9800)M(15.9900)EQLR	SR*EqmEQLR	C46H79N15O20S	597.77490234375	1		2	0		0	10797		987.643	02207a_BB2-TUM_mod_citrullination_l_14_01_01-DDA-1h-R1.mzML	Human_cit_proteome_syn_peptides	likely	9	2	6	1	0	b2*;b2*-43;b3*;y1;y2;y3;y4;y5;y7	b2*;b3*	y1;y2;y3;y4;y5;y7	b2*-43	
Q0VF96	CGNL1	Cingulin-like protein 1 	SR*EQ(0.9800)MEQLR	SR*EqMEQLR	C46H79N15O19S	589.779602050781	1		2	0		0	20276		1476.51	02207a_BB2-TUM_mod_citrullination_l_14_01_01-DDA-1h-R1.mzML	Human_cit_proteome_syn_peptides	likely	10	2	7	1	0	b2*;b2*-43;b3*;y1;y2;y3;y4;y5;y6;y7	b2*;b3*	y1;y2;y3;y4;y5;y6;y7	b2*-43	
Q0VF96-2	CGNL1	Isoform 2 of Cingulin-like protein 1 	SR*EQ(0.9800)M(15.9900)EQ(0.9800)LRNELLQ(0.9800)ER	SR*EqmEqLRNELLqER	C83H139N25O35S	1039.9899	1		2	0		0	37765		2386.97	02207a_BB2-TUM_mod_citrullination_l_14_01_01-DDA-1h-R1.mzML	Human_cit_proteome_syn_peptides	likely	10	2	7	1	0	b2*;b2*-43;b3*;y1;y10;y2;y4;y5;y6;y7	b2*;b3*	y1;y10;y2;y4;y5;y6;y7	b2*-43	
Q0VF96	CGNL1	Cingulin-like protein 1 	SR*EQ(0.9800)M(15.9900)EQLR*NELLQ(0.9800)ER	SR*EqmEQLR*NELLqER	C83H139N25O35S	1039.98852539063	1		2	0		0	37914		2394.96	02207a_BB2-TUM_mod_citrullination_l_14_01_01-DDA-1h-R1.mzML	Human_cit_proteome_syn_peptides	ambiguous	10	0	10	1	0	y1;y10*;y10*-43;y2;y4;y5;y6;y7;y8*;y9*		y1;y10*;y10*-43;y2;y4;y5;y6;y7;y8*;y9*	y10*-43	
Q0VF96-2	CGNL1	Isoform 2 of Cingulin-like protein 1 	SR*EQ(0.9800)M(15.9900)EQLRN(0.9800)ELLQ(0.9800)ER	SR*EqmEQLRnELLqER	C83H139N25O35S	693.659973144531	1		3	0		0	32618		2116.96	02207a_BB2-TUM_mod_citrullination_l_14_01_01-DDA-1h-R1.mzML	Human_cit_proteome_syn_peptides	likely	10	2	7	1	0	b2*;b2*-43;b3*;y1;y2;y3;y4;y5;y6;y7	b2*;b3*	y1;y2;y3;y4;y5;y6;y7	b2*-43	
Q0VF96-2	CGNL1	Isoform 2 of Cingulin-like protein 1 	SR*EQ(0.9800)M(15.9900)EQLRN(0.9800)ELLQ(0.9800)ER	SR*EqmEQLRnELLqER	C83H139N25O35S	693.6586	1		3	0		0	29402		1955.95	02207a_BB3-TUM_mod_citrullination_l_15_01_01-DDA-1h-R1.mzML	Human_cit_proteome_syn_peptides	likely	3	1	1	1	0	b2*;b2*-43;y2	b2*	y2	b2*-43	
Q0VF96	CGNL1	Cingulin-like protein 1 	SR*EQ(0.9800)MEQLRN(0.9800)ELLQ(0.9800)ER	SR*EqMEQLRnELLqER	C83H139N25O34S	688.3264	1		3	0		0	42474		2633.37	02207a_BB2-TUM_mod_citrullination_l_14_01_01-DDA-1h-R1.mzML	Human_cit_proteome_syn_peptides	likely	4	1	2	1	0	b2*;b2*-43;y2;y4	b2*	y2;y4	b2*-43	
Q0VF96-2	CGNL1	Isoform 2 of Cingulin-like protein 1 	SR*EQM(15.9900)EQ(0.9800)LRN(0.9800)ELLQ(0.9800)ER	SR*EQmEqLRnELLqER	C83H139N25O35S	1039.9908	1		2	0		0	38059		2402.51	02207a_BB2-TUM_mod_citrullination_l_14_01_01-DDA-1h-R1.mzML	Human_cit_proteome_syn_peptides	ambiguous	6	0	6	0	0	y1;y2;y3;y4;y5;y6		y1;y2;y3;y4;y5;y6		
Q0VF96-2	CGNL1	Isoform 2 of Cingulin-like protein 1 	SR*EQM(15.9900)EQ(0.9800)LRN(0.9800)ELLQ(0.9800)ER	SR*EQmEqLRnELLqER	C83H139N25O35S	1039.9895	1		2	0		0	33753		2185.94	02207a_BB3-TUM_mod_citrullination_l_15_01_01-DDA-1h-R1.mzML	Human_cit_proteome_syn_peptides	ambiguous	4	0	4	0	0	y2;y3;y5;y9		y2;y3;y5;y9		
Q0VF96	CGNL1	Cingulin-like protein 1 	SREQ(0.9800)M(15.9900)EQLR*N(0.9800)ELLQ(0.9800)ER	SREqmEQLR*nELLqER	C83H139N25O35S	693.6613	1		3	0		0	35066		2239.69	02207a_BB1-TUM_mod_citrullination_l_13_01_01-DDA-1h-R1.mzML	Human_cit_proteome_syn_peptides	likely	14	0	13	1	0	b2;b3;b4;b7;y1;y2;y3;y4;y5;y6;y7;y8*;y9*;y9*-43		b2;b3;b4;b7;y1;y2;y3;y4;y5;y6;y7;y8*;y9*	y9*-43	
Q0VF96-2	CGNL1	Isoform 2 of Cingulin-like protein 1 	SREQ(0.9800)MEQLR*N(0.9800)ELLQ(0.9800)ER	SREqMEQLR*nELLqER	C83H139N25O34S	688.329895019531	1		3	0		0	43563		2685.71	02207a_BB1-TUM_mod_citrullination_l_13_01_01-DDA-1h-R1.mzML	Human_cit_proteome_syn_peptides	ambiguous	11	0	11	0	0	b5;b6;b7;b8;y1;y2;y4;y5;y6;y7;y8*		b5;b6;b7;b8;y1;y2;y4;y5;y6;y7;y8*		
Q14847-2	LASP1	Isoform 2 of LIM and SH3 domain protein 1 	SRM(15.9900)GPSGGEGM(15.9900)EPER*R	SRmGPSGGEGmEPER*R	C67H112N24O28S2	589.257873535156	1		3	0		0	5541		718.449	02207a_BB1-TUM_mod_citrullination_l_13_01_01-DDA-1h-R1.mzML	Human_cit_proteome_syn_peptides	likely	4	2	2	0	0	b10;b9;y4*;y5*	y4*;y5*	b10;b9		
Q14847-2	LASP1	Isoform 2 of LIM and SH3 domain protein 1 	SRMGPSGGEGM(15.9900)EPER*R	SRMGPSGGEGmEPER*R	C67H112N24O27S2	583.926635742188	1		3	0		0	9435		917.462	02207a_BB1-TUM_mod_citrullination_l_13_01_01-DDA-1h-R1.mzML	Human_cit_proteome_syn_peptides	true	19	5	10	4	0	b10;b12;b2;b3;b4;b6;b7;b8;b9;y1;y2*;y2*-43;y3*;y4*;y4*-43;y5*;y5*-43;y7*;y7*-43	y2*;y3*;y4*;y5*;y7*	b10;b12;b2;b3;b4;b6;b7;b8;b9;y1	y2*-43;y4*-43;y5*-43;y7*-43	
Q13263	TIF1B	Transcription intermediary factor 1-beta 	SR*SGEGEVSGLM(15.9900)R	SR*SGEGEVSGLmR	C53H92N18O23S	691.32373046875	1		2	0		0	17821		1349.42	02207a_BB2-TUM_mod_citrullination_l_14_01_01-DDA-1h-R1.mzML	Human_cit_proteome_syn_peptides	true	13	3	8	2	0	b2*;b2*-43;b3*;b5*;b8*-43;y1;y10;y11;y5;y6;y7;y8;y9	b2*;b3*;b5*	y1;y10;y11;y5;y6;y7;y8;y9	b2*-43;b8*-43	
Q13263	TIF1B	Transcription intermediary factor 1-beta 	SR*SGEGEVSGLMR	SR*SGEGEVSGLMR	C53H92N18O22S	683.32421875	1		2	0		0	27210		1835.82	02207a_BB2-TUM_mod_citrullination_l_14_01_01-DDA-1h-R1.mzML	Human_cit_proteome_syn_peptides	likely	13	2	10	1	0	b2*;b2*-43;b3*;y1;y10;y11;y2;y4;y5;y6;y7;y8;y9	b2*;b3*	y1;y10;y11;y2;y4;y5;y6;y7;y8;y9	b2*-43	
Q13263	TIF1B	Transcription intermediary factor 1-beta 	SRSGEGEVSGLM(15.9900)R*	SRSGEGEVSGLmR*	C53H92N18O23S	691.323791503906	1		2	0		0	17778		1346.79	02207a_BB3-TUM_mod_citrullination_l_15_01_01-DDA-1h-R1.mzML	Human_cit_proteome_syn_peptides	false	11	3	8	0	0	b10;b11;b12;b2;b5;b7;b8;b9;y1*;y3*;y5*	y1*;y3*;y5*	b10;b11;b12;b2;b5;b7;b8;b9		
Q13263	TIF1B	Transcription intermediary factor 1-beta 	SR*SGEGEVSGLM(15.9900)RK	SR*SGEGEVSGLmRK	C59H104N20O24S	503.916229248047	1		3	0		0	13894		1146.68	02207a_BB1-TUM_mod_citrullination_l_13_01_01-DDA-1h-R1.mzML	Human_cit_proteome_syn_peptides	true	11	2	7	2	0	b2*;b2*-43;b3*;b7*-43;y1;y2;y3;y5;y6;y7;y8	b2*;b3*	y1;y2;y3;y5;y6;y7;y8	b2*-43;b7*-43	
Q13263	TIF1B	Transcription intermediary factor 1-beta 	SR*SGEGEVSGLMRK	SR*SGEGEVSGLMRK	C59H104N20O23S	498.5851	1		3	0		0	22200		1573.2	02207a_BB1-TUM_mod_citrullination_l_13_01_01-DDA-1h-R1.mzML	Human_cit_proteome_syn_peptides	likely	10	2	8	0	0	b2*;b7*;y1;y2;y4;y5;y6;y7;y8;y9	b2*;b7*	y1;y2;y4;y5;y6;y7;y8;y9		
Q13263	TIF1B	Transcription intermediary factor 1-beta 	SR*SGEGEVSGLMRK	SR*SGEGEVSGLMRK	C59H104N20O23S	498.584442138672	1		3	0		0	22273		1579.77	02207a_BB2-TUM_mod_citrullination_l_14_01_01-DDA-1h-R1.mzML	Human_cit_proteome_syn_peptides	likely	7	2	4	1	0	b2*;b2*-43;b7*;y1;y5;y6;y7	b2*;b7*	y1;y5;y6;y7	b2*-43	
P01042-2	KNG1	Isoform LMW of Kininogen-1 	SSR*IGEIKEETTSHLR	SSR*IGEIKEETTSHLR	C76H130N24O29	461.743774414063	1		4	0		0	26302		1787.72	02207a_BB2-TUM_mod_citrullination_l_14_01_01-DDA-1h-R1.mzML	Human_cit_proteome_syn_peptides	true	14	1	10	3	0	b2;b3*;b3*-43;b4*-43;b6*-43;y1;y2;y3;y4;y5;y6;y7;y8;y9	b3*	b2;y1;y2;y3;y4;y5;y6;y7;y8;y9	b3*-43;b4*-43;b6*-43	
Q7Z353	HDX	Highly divergent homeobox 	SVFTVEQ(0.9800)Q(0.9800)R*ILQR	SVFTVEqqR*ILQR	C70H115N19O24	803.928	1		2	0		0	44544		2737.4	02207a_BB1-TUM_mod_citrullination_l_13_01_01-DDA-1h-R1.mzML	Human_cit_proteome_syn_peptides	true	20	0	14	6	0	b10*-43;b2;b3;b4;b5;y1;y11*;y11*-43;y2;y3;y4;y5*;y5*-43;y6*;y6*-43;y7*;y7*-43;y8*;y8*-43;y9*		b2;b3;b4;b5;y1;y11*;y2;y3;y4;y5*;y6*;y7*;y8*;y9*	b10*-43;y11*-43;y5*-43;y6*-43;y7*-43;y8*-43	
Q5T5U3	RHG21	Rho GTPase-activating protein 21 	SVSQER*LEDSVLM(15.9900)K	SVSQER*LEDSVLmK	C67H116N18O27S	819.407104492188	1		2	0		0	33009		2133.05	02207a_BB1-TUM_mod_citrullination_l_13_01_01-DDA-1h-R1.mzML	Human_cit_proteome_syn_peptides	likely	8	1	6	1	0	b2;b5;y1;y6;y7;y8;y9*;y9*-43	y9*	b2;b5;y1;y6;y7;y8	y9*-43	
Q5T5U3	RHG21	Rho GTPase-activating protein 21 	SVSQER*LEDSVLMK	SVSQER*LEDSVLMK	C67H116N18O26S	811.410278320313	1		2	0		0	37088		2344.95	02207a_BB1-TUM_mod_citrullination_l_13_01_01-DDA-1h-R1.mzML	Human_cit_proteome_syn_peptides	true	20	2	14	4	0	b2;b3;b4;b5;b6*;b6*-43;b7*-43;y1;y10*;y10*-43;y12*;y2;y3;y4;y5;y6;y7;y8;y9*;y9*-43	y10*;y9*	b2;b3;b4;b5;b6*;y1;y12*;y2;y3;y4;y5;y6;y7;y8	b6*-43;b7*-43;y10*-43;y9*-43	
Q71U36-2	TBA1A	Tubulin alpha-1B chain 	TGTYR*QLFHPEQLITGK	TGTYR*QLFHPEQLITGK	C90H140N24O27	664.0193	1		3	0		0	42389		2642.65	02207a_BB3-TUM_mod_citrullination_l_15_01_01-DDA-1h-R1.mzML	Human_cit_proteome_syn_peptides	true	19	0	16	3	0	b2;b3;b4;b5*-43;b8*-43;b9*;b9*-43;y1;y10;y11;y12;y2;y3;y4;y5;y6;y7;y8;y9		b2;b3;b4;b9*;y1;y10;y11;y12;y2;y3;y4;y5;y6;y7;y8;y9	b5*-43;b8*-43;b9*-43	
O75167-4	PHAR2	Isoform 4 of Phosphatase and actin regulator 2 	TSEEER*Q(0.9800)EIRQ(0.9800)Q(0.9800)IGTK	TSEEER*qEIRqqIGTK	C78H130N22O35	645.977294921875	1		3	0		0	29270		1942.62	02207a_BB2-TUM_mod_citrullination_l_14_01_01-DDA-1h-R1.mzML	Human_cit_proteome_syn_peptides	ambiguous	5	0	5	0	0	b1;b2;y1;y3;y4		b1;b2;y1;y3;y4		
O75167-4	PHAR2	Isoform 4 of Phosphatase and actin regulator 2 	TSEEERQ(0.9800)EIR*Q(0.9800)Q(0.9800)IGTK	TSEEERqEIR*qqIGTK	C78H130N22O35	645.9768	1		3	0		0	27297		1837.34	02207a_BB1-TUM_mod_citrullination_l_13_01_01-DDA-1h-R1.mzML	Human_cit_proteome_syn_peptides	likely	12	0	11	1	0	b1;b2;b3;b8;b9;y1;y2;y3;y4;y5;y7*;y7*-43		b1;b2;b3;b8;b9;y1;y2;y3;y4;y5;y7*	y7*-43	
P14136	GFAP	Glial fibrillary acidic protein 	TVEMR*DGEVIK	TVEMR*DGEVIK	C53H92N14O20S	639.322814941406	1		2	0		0	24836		1712.24	02207a_BB2-TUM_mod_citrullination_l_14_01_01-DDA-1h-R1.mzML	Human_cit_proteome_syn_peptides	true	13	3	8	2	0	b1;b2;b3;y1;y2;y3;y5;y6;y7*;y7*-43;y8*;y9*;y9*-43	y7*;y8*;y9*	b1;b2;b3;y1;y2;y3;y5;y6	y7*-43;y9*-43	
P14136	GFAP	Glial fibrillary acidic protein 	TVEMR*DGEVIK	TVEMR*DGEVIK	C53H92N14O20S	639.325256347656	1		2	0		0	24719		1709.22	02207a_BB3-TUM_mod_citrullination_l_15_01_01-DDA-1h-R1.mzML	Human_cit_proteome_syn_peptides	true	13	2	8	3	0	b1;b2;b3;y1;y2;y3;y5;y6;y7*;y7*-43;y8*-43;y9*;y9*-43	y7*;y9*	b1;b2;b3;y1;y2;y3;y5;y6	y7*-43;y8*-43;y9*-43	
O75533	SF3B1	Splicing factor 3B subunit 1 	TYM(15.9900)DVM(15.9900)R*EQHLTKEER	TYmDVmR*EQHLTKEER	C86H139N25O32S2	525.4947	1		4	0		0	15339		1222.83	02207a_BB2-TUM_mod_citrullination_l_14_01_01-DDA-1h-R1.mzML	Human_cit_proteome_syn_peptides	ambiguous	9	0	9	0	0	b1;b2;b4;b5;y1;y2;y3;y4;y5		b1;b2;b4;b5;y1;y2;y3;y4;y5		
O75533	SF3B1	Splicing factor 3B subunit 1 	TYMDVMR*EQHLTKEER	TYMDVMR*EQHLTKEER	C86H139N25O30S2	689.6605	1		3	0		0	27766		1864.79	02207a_BB2-TUM_mod_citrullination_l_14_01_01-DDA-1h-R1.mzML	Human_cit_proteome_syn_peptides	ambiguous	13	0	13	0	0	b2;b3;b4;b5;y1;y2;y3;y4;y5;y6;y7;y8;y9		b2;b3;b4;b5;y1;y2;y3;y4;y5;y6;y7;y8;y9		
P29376-4	LTK	Isoform 2 of Leukocyte tyrosine kinase receptor 	VAKIGDFGM(15.9900)AR*	VAKIGDFGmAR*	C51H84N14O16S	591.303466796875	1		2	0		0	27107		1827.65	02207a_BB1-TUM_mod_citrullination_l_13_01_01-DDA-1h-R1.mzML	Human_cit_proteome_syn_peptides	false	16	5	9	2	0	b10;b2;b3;b4;b5;b6;b7;b8;b9;y1*;y2*;y5*;y7*-43;y8*;y8*-43;y9*	y1*;y2*;y5*;y8*;y9*	b10;b2;b3;b4;b5;b6;b7;b8;b9	y7*-43;y8*-43	
P29376-4	LTK	Isoform 2 of Leukocyte tyrosine kinase receptor 	VAKIGDFGM(15.9900)AR*DIYR	VAKIGDFGmAR*DIYR	C76H121N21O23S	864.941101074219	1		2	0		0	32562		2109.84	02207a_BB1-TUM_mod_citrullination_l_13_01_01-DDA-1h-R1.mzML	Human_cit_proteome_syn_peptides	true	18	7	8	3	0	b3;b4;b5;b6;b7;y1;y10*;y11*;y11*-43;y12*;y12*-43;y3;y4;y6*;y7*;y8*;y9*;y9*-43	y10*;y11*;y12*;y6*;y7*;y8*;y9*	b3;b4;b5;b6;b7;y1;y3;y4	y11*-43;y12*-43;y9*-43	
P29376-4	LTK	Isoform 2 of Leukocyte tyrosine kinase receptor 	VAKIGDFGMAR*DIYR	VAKIGDFGMAR*DIYR	C76H121N21O22S	856.9451	1		2	0		0	38091		2397.3	02207a_BB1-TUM_mod_citrullination_l_13_01_01-DDA-1h-R1.mzML	Human_cit_proteome_syn_peptides	true	22	7	10	5	0	b2;b3;b4;b5;b6;b7;y1;y10*;y10*-43;y11*;y11*-43;y12*;y12*-43;y2;y3;y4;y5*;y6*;y8*;y8*-43;y9*;y9*-43	y10*;y11*;y12*;y5*;y6*;y8*;y9*	b2;b3;b4;b5;b6;b7;y1;y2;y3;y4	y10*-43;y11*-43;y12*-43;y8*-43;y9*-43	
Q96EI5-2	TCAL4	Isoform 2 of Transcription elongation factor A protein-like 4 	VESREAGPSVDR*	VESREAGPSVDR*	C52H87N17O22	651.8173828125	1		2	0		0	11618		1030.08	02207a_BB2-TUM_mod_citrullination_l_14_01_01-DDA-1h-R1.mzML	Human_cit_proteome_syn_peptides	false	11	4	7	0	0	b10;b11;b2;b5;b6;b7;b9;y1*;y10*;y2*;y3*	y1*;y10*;y2*;y3*	b10;b11;b2;b5;b6;b7;b9		
Q96EI5-2	TCAL4	Isoform 2 of Transcription elongation factor A protein-like 4 	VESR*EAGPSVDRDGGLR	VESR*EAGPSVDRDGGLR	C72H121N25O29	600.9669	1		3	0		0	18045		1360.33	02207a_BB3-TUM_mod_citrullination_l_15_01_01-DDA-1h-R1.mzML	Human_cit_proteome_syn_peptides	true	9	1	6	2	0	b2;b3;b4*;b4*-43;b5*-43;y1;y4;y6;y7	b4*	b2;b3;y1;y4;y6;y7	b4*-43;b5*-43	
Q96EI5-2	TCAL4	Isoform 2 of Transcription elongation factor A protein-like 4 	VESREAGPSVDR*DGGLR	VESREAGPSVDR*DGGLR	C72H121N25O29	600.967102050781	1		3	0		0	17399		1328.12	02207a_BB2-TUM_mod_citrullination_l_14_01_01-DDA-1h-R1.mzML	Human_cit_proteome_syn_peptides	likely	12	2	10	0	0	b10;b11;b2;b6;b7;b9;y1;y3;y4;y5;y6*;y7*	y6*;y7*	b10;b11;b2;b6;b7;b9;y1;y3;y4;y5		
Q7Z3D4	LYSM3	LysM and putative peptidoglycan-binding domain-containing protein 3 	VNNLISDQDFFALR*SIK	VNNLISDQDFFALR*SIK	C89H141N23O28	991.02392578125	1		2	0		0	52009		3152.3	02207a_BB3-TUM_mod_citrullination_l_15_01_01-DDA-1h-R1.mzML	Human_cit_proteome_syn_peptides	true	30	6	15	9	0	b12;b2;b3;b4;b5;b6;b7;y1;y10*;y10*-43;y11*;y11*-43;y12*;y12*-43;y13*;y13*-43;y14*;y2;y3;y4*;y4*-43;y5*;y6*;y6*-43;y7*;y7*-43;y8*;y8*-43;y9*;y9*-43	y4*;y5*;y6*;y7*;y8*;y9*	b12;b2;b3;b4;b5;b6;b7;y1;y10*;y11*;y12*;y13*;y14*;y2;y3	y10*-43;y11*-43;y12*-43;y13*-43;y4*-43;y6*-43;y7*-43;y8*-43;y9*-43	
Q9UBZ9-2	REV1	Isoform 2 of DNA repair protein REV1 	VQ(0.9800)KLEEQFR*SDAAM(15.9900)Q(0.9800)K	VqKLEEQFR*SDAAmqK	C81H131N21O31S	963.9623	1		2	0		0	27020		1823.33	02207a_BB1-TUM_mod_citrullination_l_13_01_01-DDA-1h-R1.mzML	Human_cit_proteome_syn_peptides	true	9	0	6	3	0	b4;b5;b6;b7;b9*-43;y1;y10*-43;y12*-43;y6		b4;b5;b6;b7;y1;y6	b9*-43;y10*-43;y12*-43	
Q9UBZ9-2	REV1	Isoform 2 of DNA repair protein REV1 	VQ(0.9800)KLEEQFR*SDAAMQ(0.9800)K	VqKLEEQFR*SDAAMqK	C81H131N21O30S	637.643798828125	1		3	0		0	29869		1969.55	02207a_BB1-TUM_mod_citrullination_l_13_01_01-DDA-1h-R1.mzML	Human_cit_proteome_syn_peptides	true	15	0	12	2	1	b4;b5;b6;b7;b8;y1;y4;y5;y6;y7;y7-43;y8*;y8*-43;y9*;y9*-43		b4;b5;b6;b7;b8;y1;y4;y5;y6;y7;y8*;y9*	y8*-43;y9*-43	y7-43
P22105	TENX	Tenascin-X 	VR*GEESEVTVGGLEPGR	VR*GEESEVTVGGLEPGR	C73H122N22O29	886.446044921875	1		2	0		0	29649		1968.92	02207a_BB3-TUM_mod_citrullination_l_15_01_01-DDA-1h-R1.mzML	Human_cit_proteome_syn_peptides	true	29	9	15	4	1	b10*;b10*-43;b14*;b2*;b2*-43;b3*;b3*-43;b4*;b5*;b7*;b8*;b8*-43;b9*;y1;y10;y11;y12;y13;y14;y15;y2;y3;y4;y4-43;y5;y6;y7;y8;y9	b10*;b14*;b2*;b3*;b4*;b5*;b7*;b8*;b9*	y1;y10;y11;y12;y13;y14;y15;y2;y3;y4;y5;y6;y7;y8;y9	b10*-43;b2*-43;b3*-43;b8*-43	y4-43
Q05707-2	COEA1	Isoform 2 of Collagen alpha-1(XIV) chain 	VVDR*GN(0.9800)GSRPSSPEEVK	VVDR*GnGSRPSSPEEVK	C74H123N23O30	907.949951171875	1		2	0		0	12269		1061.48	02207a_BB3-TUM_mod_citrullination_l_15_01_01-DDA-1h-R1.mzML	Human_cit_proteome_syn_peptides	likely	8	0	7	1	0	b12*;b4*-43;y1;y11;y13;y2;y5;y8		b12*;y1;y11;y13;y2;y5;y8	b4*-43	
P12036-2	NFH	Isoform 2 of Neurofilament heavy polypeptide 	WEM(15.9900)AAQ(0.9800)LR*EYQDLLN(0.9800)VK	WEmAAqLR*EYQDLLnVK	C94H144N22O32S	1063.50891113281	1		2	0		0	49776		3034.34	02207a_BB3-TUM_mod_citrullination_l_15_01_01-DDA-1h-R1.mzML	Human_cit_proteome_syn_peptides	true	17	0	14	3	0	b2;b3;b5;b7;b8*-43;y1;y10*;y10*-43;y11*;y12*-43;y2;y4;y5;y6;y7;y8;y9		b2;b3;b5;b7;y1;y10*;y11*;y2;y4;y5;y6;y7;y8;y9	b8*-43;y10*-43;y12*-43	
P12036-2	NFH	Isoform 2 of Neurofilament heavy polypeptide 	WEMAAQ(0.9800)LR*EYQDLLN(0.9800)VK	WEMAAqLR*EYQDLLnVK	C94H144N22O31S	1055.5128	1		2	0		0	57098		3421.84	02207a_BB3-TUM_mod_citrullination_l_15_01_01-DDA-1h-R1.mzML	Human_cit_proteome_syn_peptides	ambiguous	10	0	10	0	0	b2;b3;b4;b7;y10*;y2;y5;y6;y8;y9		b2;b3;b4;b7;y10*;y2;y5;y6;y8;y9		
Q9UEY8	ADDG	Gamma-adducin 	YFDR*INEN(0.9800)DPEYIR	YFDR*INEnDPEYIR	C82H116N20O29	923.4186	1		2	0		0	39737		2482.7	02207a_BB1-TUM_mod_citrullination_l_13_01_01-DDA-1h-R1.mzML	Human_cit_proteome_syn_peptides	ambiguous	9	0	9	0	0	b3;y1;y10;y2;y5;y6;y7;y8;y9		b3;y1;y10;y2;y5;y6;y7;y8;y9		
A3KMH1	VWA8	von Willebrand factor A domain-containing protein 8 	YM(15.9900)R*LKEELQ(0.9800)LSDEQLQK	YmR*LKEELqLSDEQLQK	C93H153N23O34S	723.696960449219	1		3	0		0	37837		2402.1	02207a_BB3-TUM_mod_citrullination_l_15_01_01-DDA-1h-R1.mzML	Human_cit_proteome_syn_peptides	likely	13	3	9	1	0	b3*-43;b5*;b7*;b8*;b9*;y1;y2;y3;y5;y6;y7;y8;y9	b5*;b7*;b8*	b9*;y1;y2;y3;y5;y6;y7;y8;y9	b3*-43	
A3KMH1	VWA8	von Willebrand factor A domain-containing protein 8 	YMR*LKEELQ(0.9800)LSDEQLQK	YMR*LKEELqLSDEQLQK	C93H153N23O33S	718.366	1		3	0		0	37793		2399.71	02207a_BB3-TUM_mod_citrullination_l_15_01_01-DDA-1h-R1.mzML	Human_cit_proteome_syn_peptides	true	21	5	12	4	0	b2;b3*;b3*-43;b4*;b4*-43;b6*;b7*;b8*;b8*-43;b9*;b9*-43;y1;y10;y11;y2;y3;y5;y6;y7;y8;y9	b3*;b4*;b6*;b7*;b8*	b2;b9*;y1;y10;y11;y2;y3;y5;y6;y7;y8;y9	b3*-43;b4*-43;b8*-43;b9*-43	
P02751-11	FINC	Isoform 11 of Fibronectin 	YTGN(0.9800)TYR*VGDTYERPK	YTGnTYR*VGDTYERPK	C84H124N22O30	641.3043	1		3	0		0	21996		1563.02	02207a_BB1-TUM_mod_citrullination_l_13_01_01-DDA-1h-R1.mzML	Human_cit_proteome_syn_peptides	ambiguous	10	0	10	0	0	b2;y1;y2;y3;y4;y5;y6;y7;y8;y9		b2;y1;y2;y3;y4;y5;y6;y7;y8;y9		
P02751-16	FINC	Isoform 16 of Fibronectin 	YTGNTYR*VGDTYERPK	YTGNTYR*VGDTYERPK	C84H125N23O29	960.959106445313	1		2	0		0	20669		1495.36	02207a_BB1-TUM_mod_citrullination_l_13_01_01-DDA-1h-R1.mzML	Human_cit_proteome_syn_peptides	true	17	3	10	4	0	b10*-43;b2;b4;b5;y10*;y10*-43;y11*;y11*-43;y12*;y12*-43;y2;y3;y4;y5;y6;y8;y9	y10*;y11*;y12*	b2;b4;b5;y2;y3;y4;y5;y6;y8;y9	b10*-43;y10*-43;y11*-43;y12*-43	
P02751-11	FINC	Isoform 11 of Fibronectin 	YTGNTYRVGDTYER*PK	YTGNTYRVGDTYER*PK	C84H125N23O29	640.975402832031	1		3	0		0	20380		1481.89	02207a_BB2-TUM_mod_citrullination_l_14_01_01-DDA-1h-R1.mzML	Human_cit_proteome_syn_peptides	true	20	6	7	7	0	b10;b11;b2;b4;b5;y1;y2;y3*;y3*-43;y4*;y4*-43;y5*-43;y6*;y6*-43;y7*;y7*-43;y8*;y8*-43;y9*;y9*-43	y3*;y4*;y6*;y7*;y8*;y9*	b10;b11;b2;b4;b5;y1;y2	y3*-43;y4*-43;y5*-43;y6*-43;y7*-43;y8*-43;y9*-43	
Q15063-3	POSTN	Isoform 3 of Periostin 	YTR*ISTGGGETEETLKK	YTR*ISTGGGETEETLKK	C79H131N21O31	624.318908691406	1		3	0		0	19281		1424.75	02207a_BB2-TUM_mod_citrullination_l_14_01_01-DDA-1h-R1.mzML	Human_cit_proteome_syn_peptides	true	20	3	13	4	0	b10*-43;b2;b3*;b3*-43;b4*;b4*-43;b8*;b9*-43;y1;y10;y11;y12;y13;y2;y3;y4;y6;y7;y8;y9	b3*;b4*;b8*	b2;y1;y10;y11;y12;y13;y2;y3;y4;y6;y7;y8;y9	b10*-43;b3*-43;b4*-43;b9*-43	
