sampleName	precursorFile	parentId	parentProtein	parentDescription	fullSequence	sequence	formula	scanNum	unique	precursorMZ	charge
Human_cit_proteome_syn_peptides	02207a_BB2-TUM_mod_citrullination_l_14_01_01-DDA-1h-R1.mzML	P14136-2	GFAP	Isoform 2 of Glial fibrillary acidic protein 	AEM(15.9900)M(15.9900)ELNDR*FASYIEK	AEM(15.9900)M(15.9900)ELNDR*FASYIEK	C84H130N20O31S2	39803	False	990.441890	2
Human_cit_proteome_syn_peptides	02207a_BB2-TUM_mod_citrullination_l_14_01_01-DDA-1h-R1.mzML	P14136	GFAP	Glial fibrillary acidic protein 	AEM(15.9900)MELNDR*FASYIEK	AEM(15.9900)MELNDR*FASYIEK	C84H130N20O30S2	43710	False	982.444440	2
Human_cit_proteome_syn_peptides	02207a_BB2-TUM_mod_citrullination_l_14_01_01-DDA-1h-R1.mzML	P14136	GFAP	Glial fibrillary acidic protein 	AEMM(15.9900)ELNDR*FASYIEK	AEMM(15.9900)ELNDR*FASYIEK	C84H130N20O30S2	44578	False	982.441820	2
Human_cit_proteome_syn_peptides	02207a_BB2-TUM_mod_citrullination_l_14_01_01-DDA-1h-R1.mzML	P14136-2	GFAP	Isoform 2 of Glial fibrillary acidic protein 	AEMMELNDR*FASYIEK	AEMMELNDR*FASYIEK	C84H130N20O29S2	47677	False	974.446540	2
Human_cit_proteome_syn_peptides	02207a_BB3-TUM_mod_citrullination_l_15_01_01-DDA-1h-R1.mzML	Q8NAA5	LR75A	Leucine-rich repeat-containing protein 75A 	AGDKAGR*AGAGM(15.9900)PPYHR	AGDKAGR*AGAGM(15.9900)PPYHR	C72H113N25O23S	7415	False	432.961750	4
Human_cit_proteome_syn_peptides	02207a_BB2-TUM_mod_citrullination_l_14_01_01-DDA-1h-R1.mzML	Q96HL8-2	SH3Y1	Isoform 2 of SH3 domain-containing YSC84-like protein 1 	AGFLVTAR*GGSGIVVAR	AGFLVTAR*GGSGIVVAR	C72H122N22O21	41163	True	816.465750	2
Human_cit_proteome_syn_peptides	02207a_BB3-TUM_mod_citrullination_l_15_01_01-DDA-1h-R1.mzML	Q8NAA5-2	LR75A	Isoform 2 of Leucine-rich repeat-containing protein 75A 	AGR*AGAGM(15.9900)PPYHR	AGR*AGAGM(15.9900)PPYHR	C57H88N20O17S	8204	False	453.219860	3
Human_cit_proteome_syn_peptides	02207a_BB2-TUM_mod_citrullination_l_14_01_01-DDA-1h-R1.mzML	P02671	FIBA	Fibrinogen alpha chain 	ALAR*EVDLKDYEDQQK	ALAR*EVDLKDYEDQQK	C82H132N22O31	28728	True	961.479460	2
Human_cit_proteome_syn_peptides	02207a_BB3-TUM_mod_citrullination_l_15_01_01-DDA-1h-R1.mzML	Q9C0D2-3	CE295	Isoform 3 of Centrosomal protein of 295 kDa 	ALQEQ(0.9800)LATQ(0.9800)R*EAIILAR	ALQEQ(0.9800)LATQ(0.9800)R*EAIILAR	C83H143N23O29	47838	True	964.028680	2
Human_cit_proteome_syn_peptides	02207a_BB1-TUM_mod_citrullination_l_13_01_01-DDA-1h-R1.mzML	Q8TEW0	PARD3	Partitioning defective 3 homolog 	APR*LNHPPEQIDSHSR	APR*LNHPPEQIDSHSR	C78H123N27O26	16333	False	618.978570	3
Human_cit_proteome_syn_peptides	02207a_BB2-TUM_mod_citrullination_l_14_01_01-DDA-1h-R1.mzML	P09651-2	ROA1	Isoform A1-A of Heterogeneous nuclear ribonucleoprotein A1 	AVSR*EDSQRPGAHLTVK	AVSR*EDSQRPGAHLTVK	C77H130N26O27	14110	False	463.747520	4
Human_cit_proteome_syn_peptides	02207a_BB3-TUM_mod_citrullination_l_15_01_01-DDA-1h-R1.mzML	P09651-2	ROA1	Isoform A1-A of Heterogeneous nuclear ribonucleoprotein A1 	AVSR*EDSQRPGAHLTVK	AVSR*EDSQRPGAHLTVK	C77H130N26O27	14219	False	463.748010	4
Human_cit_proteome_syn_peptides	02207a_BB2-TUM_mod_citrullination_l_14_01_01-DDA-1h-R1.mzML	P51991-2	ROA3	Isoform 2 of Heterogeneous nuclear ribonucleoprotein A3 	AVSR*EDSVKPGAHLTVK	AVSR*EDSVKPGAHLTVK	C77H131N23O26	17819	False	449.498760	4
Human_cit_proteome_syn_peptides	02207a_BB3-TUM_mod_citrullination_l_15_01_01-DDA-1h-R1.mzML	P18206-2	VINC	Isoform 1 of Vinculin 	C(57.0200)DR*VDQ(0.9800)LTAQLADLAAR	C(57.0200)DR*VDQ(0.9800)LTAQLADLAAR	C78H132N24O30S	54128	False	959.471610	2
Human_cit_proteome_syn_peptides	02207a_BB1-TUM_mod_citrullination_l_13_01_01-DDA-1h-R1.mzML	Q14004	CDK13	Cyclin-dependent kinase 13 	DIKC(57.0200)SNILLNNR*GQ(0.9800)IK	DIKC(57.0200)SNILLNNR*GQ(0.9800)IK	C79H138N24O27S	33471	True	630.003260	3
Human_cit_proteome_syn_peptides	02207a_BB1-TUM_mod_citrullination_l_13_01_01-DDA-1h-R1.mzML	O15085-2	ARHGB	Isoform 2 of Rho guanine nucleotide exchange factor 11 	DIWNIFLEKNAPLR*VK	DIWNIFLEKNAPLR*VK	C92H145N23O24	55038	True	979.050400	2
Human_cit_proteome_syn_peptides	02207a_BB2-TUM_mod_citrullination_l_14_01_01-DDA-1h-R1.mzML	P11413-3	G6PD	Isoform 3 of Glucose-6-phosphate 1-dehydrogenase 	DLQSSDR*LSNHISSLFR	DLQSSDR*LSNHISSLFR	C83H134N26O30	44943	True	659.333820	3
Human_cit_proteome_syn_peptides	02207a_BB1-TUM_mod_citrullination_l_13_01_01-DDA-1h-R1.mzML	O75052-3	CAPON	Isoform 3 of Carboxyl-terminal PDZ ligand of neuronal nitric oxide synthase protein 	DQLAAEAAAR*LEAQ(0.9800)AR	DQLAAEAAAR*LEAQ(0.9800)AR	C69H116N22O27	42601	False	843.427890	2
Human_cit_proteome_syn_peptides	02207a_BB1-TUM_mod_citrullination_l_13_01_01-DDA-1h-R1.mzML	P01266-2	THYG	Isoform 2 of Thyroglobulin 	DSDMGSRPESMGC(57.0200)R*K	DSDMGSRPESMGC(57.0200)R*K	C64H108N22O27S3	12567	False	857.354190	2
Human_cit_proteome_syn_peptides	02207a_BB3-TUM_mod_citrullination_l_15_01_01-DDA-1h-R1.mzML	P02686-6	MBP	Isoform 6 of Myelin basic protein 	DSHHPAR*TAHYGSLPQK	DSHHPAR*TAHYGSLPQK	C82H123N27O26	11592	False	476.486180	4
Human_cit_proteome_syn_peptides	02207a_BB2-TUM_mod_citrullination_l_14_01_01-DDA-1h-R1.mzML	P02686-6	MBP	Isoform 6 of Myelin basic protein 	DTGILDSIGR*FFGGDR	DTGILDSIGR*FFGGDR	C75H115N21O26	60470	False	863.924880	2
Human_cit_proteome_syn_peptides	02207a_BB1-TUM_mod_citrullination_l_13_01_01-DDA-1h-R1.mzML	P01266-2	THYG	Isoform 2 of Thyroglobulin 	EAFAEQFLR*GSDYAIR	EAFAEQFLR*GSDYAIR	C84H124N22O27	47973	True	937.458990	2
Human_cit_proteome_syn_peptides	02207a_BB1-TUM_mod_citrullination_l_13_01_01-DDA-1h-R1.mzML	Q71U36-2	TBA1A	Tubulin alpha-1B chain 	EDAANNYAR*GHYTIGK	EDAANNYAR*GHYTIGK	C76H113N23O27	21623	False	890.917040	2
Human_cit_proteome_syn_peptides	02207a_BB2-TUM_mod_citrullination_l_14_01_01-DDA-1h-R1.mzML	Q96T37	RBM15	Putative RNA-binding protein 15 	EDR*SDGSAPSTSTASSK	EDR*SDGSAPSTSTASSK	C64H106N20O33	7537	False	842.368680	2
Human_cit_proteome_syn_peptides	02207a_BB3-TUM_mod_citrullination_l_15_01_01-DDA-1h-R1.mzML	P22626-2	ROA2	Isoform A2 of Heterogeneous nuclear ribonucleoproteins A2/B1 	EDTEEHHLR*DYFEEYGK	EDTEEHHLR*DYFEEYGK	C96H132N24O36	36697	False	733.315780	3
Human_cit_proteome_syn_peptides	02207a_BB3-TUM_mod_citrullination_l_15_01_01-DDA-1h-R1.mzML	P09651-2	ROA1	Isoform A1-A of Heterogeneous nuclear ribonucleoprotein A1 	EDTEEHHLR*DYFEQ(0.9800)YGK	EDTEEHHLR*DYFEQ(0.9800)YGK	C96H132N24O36	36697	False	733.315780	3
Human_cit_proteome_syn_peptides	02207a_BB1-TUM_mod_citrullination_l_13_01_01-DDA-1h-R1.mzML	P51674-2	GPM6A	Isoform 2 of Neuronal membrane glycoprotein M6-a 	EEQELHDIHSTR*SK	EEQELHDIHSTR*SK	C70H112N22O28	11156	True	570.608760	3
Human_cit_proteome_syn_peptides	02207a_BB1-TUM_mod_citrullination_l_13_01_01-DDA-1h-R1.mzML	Q9H2X9	S12A5	Solute carrier family 12 member 5 	EIQSITDESR*GSIR	EIQSITDESR*GSIR	C64H110N20O27	26117	True	796.400890	2
Human_cit_proteome_syn_peptides	02207a_BB1-TUM_mod_citrullination_l_13_01_01-DDA-1h-R1.mzML	Q9H2X9	S12A5	Solute carrier family 12 member 5 	EREIQSITDESR*	EREIQSITDESR*	C58H98N18O26	22312	True	732.352420	2
Human_cit_proteome_syn_peptides	02207a_BB1-TUM_mod_citrullination_l_13_01_01-DDA-1h-R1.mzML	Q9H2X9	S12A5	Solute carrier family 12 member 5 	EREIQSITDESR*GSIR	EREIQSITDESR*GSIR	C75H129N25O31	25052	True	626.317570	3
Human_cit_proteome_syn_peptides	02207a_BB1-TUM_mod_citrullination_l_13_01_01-DDA-1h-R1.mzML	Q9UEY8	ADDG	Gamma-adducin 	ER*YFDR*INENDPEYIR	ER*YFDR*INENDPEYIR	C93H135N25O33	38008	True	1,065.988700	2
Human_cit_proteome_syn_peptides	02207a_BB1-TUM_mod_citrullination_l_13_01_01-DDA-1h-R1.mzML	Q9UEY8	ADDG	Gamma-adducin 	ER*YFDRIN(0.9800)ENDPEYIR	ER*YFDRIN(0.9800)ENDPEYIR	C93H135N25O33	37244	True	711.331240	3
Human_cit_proteome_syn_peptides	02207a_BB1-TUM_mod_citrullination_l_13_01_01-DDA-1h-R1.mzML	Q9UEY8	ADDG	Gamma-adducin 	ER*YFDRINEN(0.9800)DPEYIR	ER*YFDRINEN(0.9800)DPEYIR	C93H135N25O33	34037	True	1,065.991400	2
Human_cit_proteome_syn_peptides	02207a_BB2-TUM_mod_citrullination_l_14_01_01-DDA-1h-R1.mzML	Q9UEY8	ADDG	Gamma-adducin 	ER*YFDRINEN(0.9800)DPEYIR	ER*YFDRINEN(0.9800)DPEYIR	C93H135N25O33	34717	True	710.995190	3
Human_cit_proteome_syn_peptides	02207a_BB2-TUM_mod_citrullination_l_14_01_01-DDA-1h-R1.mzML	Q9UEY8	ADDG	Gamma-adducin 	ERYFDR*INEN(0.9800)DPEYIR	ERYFDR*INEN(0.9800)DPEYIR	C93H135N25O33	34188	True	1,065.991400	2
Human_cit_proteome_syn_peptides	02207a_BB1-TUM_mod_citrullination_l_13_01_01-DDA-1h-R1.mzML	Q9UEY8	ADDG	Gamma-adducin 	ERYFDR*INENDPEYIR	ERYFDR*INENDPEYIR	C93H136N26O32	37238	True	1,065.991200	2
Human_cit_proteome_syn_peptides	02207a_BB2-TUM_mod_citrullination_l_14_01_01-DDA-1h-R1.mzML	Q5VYS8-3	TUT7	Isoform 3 of Terminal uridylyltransferase 7 	ETPIKR*GQ(0.9800)VVSSLLC(57.0200)R	ETPIKR*GQ(0.9800)VVSSLLC(57.0200)R	C78H137N23O26S	38380	True	923.002010	2
Human_cit_proteome_syn_peptides	02207a_BB2-TUM_mod_citrullination_l_14_01_01-DDA-1h-R1.mzML	P14136	GFAP	Glial fibrillary acidic protein 	ETR*ASER*AEMM(15.9900)ELNDR	ETR*ASER*AEMM(15.9900)ELNDR	C75H126N24O33S2	26326	False	978.427540	2
Human_cit_proteome_syn_peptides	02207a_BB2-TUM_mod_citrullination_l_14_01_01-DDA-1h-R1.mzML	P14136-2	GFAP	Isoform 2 of Glial fibrillary acidic protein 	ETR*ASER*AEMMELNDR	ETR*ASER*AEMMELNDR	C75H126N24O32S2	30860	False	970.429440	2
Human_cit_proteome_syn_peptides	02207a_BB2-TUM_mod_citrullination_l_14_01_01-DDA-1h-R1.mzML	P14136	GFAP	Glial fibrillary acidic protein 	ETR*ASERAEMMELNDR	ETR*ASERAEMMELNDR	C75H127N25O31S2	31004	False	970.430330	2
Human_cit_proteome_syn_peptides	02207a_BB2-TUM_mod_citrullination_l_14_01_01-DDA-1h-R1.mzML	P14136-2	GFAP	Isoform 2 of Glial fibrillary acidic protein 	ETRASER*AEMMELNDR	ETRASER*AEMMELNDR	C75H127N25O31S2	31165	False	970.428510	2
Human_cit_proteome_syn_peptides	02207a_BB2-TUM_mod_citrullination_l_14_01_01-DDA-1h-R1.mzML	Q9UHQ1-2	NARF	Isoform 2 of Nuclear prelamin A recognition factor 	FAAAYGFR*NIQNM(15.9900)ILK	FAAAYGFR*NIQNM(15.9900)ILK	C86H132N22O23S	54698	False	937.486220	2
Human_cit_proteome_syn_peptides	02207a_BB2-TUM_mod_citrullination_l_14_01_01-DDA-1h-R1.mzML	Q9UHQ1-2	NARF	Isoform 2 of Nuclear prelamin A recognition factor 	FAAAYGFR*NIQNMILK	FAAAYGFR*NIQNMILK	C86H132N22O22S	54622	False	929.488930	2
Human_cit_proteome_syn_peptides	02207a_BB1-TUM_mod_citrullination_l_13_01_01-DDA-1h-R1.mzML	P14136	GFAP	Glial fibrillary acidic protein 	FADLTDAAAR*NAELLR	FADLTDAAAR*NAELLR	C75H122N22O26	46422	False	874.454470	2
Human_cit_proteome_syn_peptides	02207a_BB2-TUM_mod_citrullination_l_14_01_01-DDA-1h-R1.mzML	Q53R41	FAKD1	FAST kinase domain-containing protein 1, mitochondrial 	FLAR*LDSQ(0.9800)LEILSPSR	FLAR*LDSQ(0.9800)LEILSPSR	C82H135N21O27	53993	True	924.001570	2
Human_cit_proteome_syn_peptides	02207a_BB3-TUM_mod_citrullination_l_15_01_01-DDA-1h-R1.mzML	Q53R41	FAKD1	FAST kinase domain-containing protein 1, mitochondrial 	FLAR*LDSQ(0.9800)LEILSPSR	FLAR*LDSQ(0.9800)LEILSPSR	C82H135N21O27	53322	True	924.002050	2
Human_cit_proteome_syn_peptides	02207a_BB1-TUM_mod_citrullination_l_13_01_01-DDA-1h-R1.mzML	Q92804-2	RBP56	Isoform Short of TATA-binding protein-associated factor 2N 	GGGYGGDR*GGGYGGDR	GGGYGGDR*GGGYGGDR	C58H83N21O24	12371	True	729.801890	2
Human_cit_proteome_syn_peptides	02207a_BB2-TUM_mod_citrullination_l_14_01_01-DDA-1h-R1.mzML	Q92804-2	RBP56	Isoform Short of TATA-binding protein-associated factor 2N 	GGGYGGDR*GGGYGGDR	GGGYGGDR*GGGYGGDR	C58H83N21O24	12452	True	729.804340	2
Human_cit_proteome_syn_peptides	02207a_BB1-TUM_mod_citrullination_l_13_01_01-DDA-1h-R1.mzML	Q92804-2	RBP56	Isoform Short of TATA-binding protein-associated factor 2N 	GGYGGDR*GGGYGGDR	GGYGGDR*GGGYGGDR	C56H80N20O23	12603	True	701.293330	2
Human_cit_proteome_syn_peptides	02207a_BB2-TUM_mod_citrullination_l_14_01_01-DDA-1h-R1.mzML	Q92804-2	RBP56	Isoform Short of TATA-binding protein-associated factor 2N 	GGYGGDR*SGGGYGGDR	GGYGGDR*SGGGYGGDR	C59H85N21O25	12530	True	744.809450	2
Human_cit_proteome_syn_peptides	02207a_BB2-TUM_mod_citrullination_l_14_01_01-DDA-1h-R1.mzML	P02751-16	FINC	Isoform 16 of Fibronectin 	GNLLQC(57.0200)IC(57.0200)TGN(0.9800)GR*GEWK	GNLLQC(57.0200)IC(57.0200)TGN(0.9800)GR*GEWK	C81H129N25O28S2	42106	False	982.952910	2
Human_cit_proteome_syn_peptides	02207a_BB3-TUM_mod_citrullination_l_15_01_01-DDA-1h-R1.mzML	Q2UY09	COSA1	Collagen alpha-1(XXVIII) chain 	GPR*GIQ(0.9800)GITGPPGDPGPK	GPR*GIQ(0.9800)GITGPPGDPGPK	C74H119N21O25	31055	True	851.942470	2
Human_cit_proteome_syn_peptides	02207a_BB1-TUM_mod_citrullination_l_13_01_01-DDA-1h-R1.mzML	Q92896-3	GSLG1	Isoform 3 of Golgi apparatus protein 1 	GR*Q(0.9800)VSSEC(57.0200)QGEM(15.9900)LDYR	GR*Q(0.9800)VSSEC(57.0200)QGEM(15.9900)LDYR	C76H121N23O32S2	22027	True	966.908090	2
Human_cit_proteome_syn_peptides	02207a_BB1-TUM_mod_citrullination_l_13_01_01-DDA-1h-R1.mzML	Q92896-3	GSLG1	Isoform 3 of Golgi apparatus protein 1 	GR*Q(0.9800)VSSEC(57.0200)QGEMLDYR	GR*Q(0.9800)VSSEC(57.0200)QGEMLDYR	C76H121N23O31S2	28118	True	958.909320	2
Human_cit_proteome_syn_peptides	02207a_BB1-TUM_mod_citrullination_l_13_01_01-DDA-1h-R1.mzML	Q92896-3	GSLG1	Isoform 3 of Golgi apparatus protein 1 	GR*QVSSEC(57.0200)QGEM(15.9900)LDYR	GR*QVSSEC(57.0200)QGEM(15.9900)LDYR	C76H122N24O31S2	22186	True	966.907850	2
Human_cit_proteome_syn_peptides	02207a_BB1-TUM_mod_citrullination_l_13_01_01-DDA-1h-R1.mzML	Q92896-3	GSLG1	Isoform 3 of Golgi apparatus protein 1 	GR*QVSSEC(57.0200)QGEMLDYR	GR*QVSSEC(57.0200)QGEMLDYR	C76H122N24O30S2	28261	True	958.909540	2
Human_cit_proteome_syn_peptides	02207a_BB3-TUM_mod_citrullination_l_15_01_01-DDA-1h-R1.mzML	Q92896-3	GSLG1	Isoform 3 of Golgi apparatus protein 1 	GR*Q(0.9800)VSSEC(57.0200)QGEM(15.9900)LDYRR	GR*Q(0.9800)VSSEC(57.0200)QGEM(15.9900)LDYRR	C82H133N27O33S2	18081	True	696.974670	3
Human_cit_proteome_syn_peptides	02207a_BB3-TUM_mod_citrullination_l_15_01_01-DDA-1h-R1.mzML	Q92896-3	GSLG1	Isoform 3 of Golgi apparatus protein 1 	GR*Q(0.9800)VSSEC(57.0200)QGEMLDYRR	GR*Q(0.9800)VSSEC(57.0200)QGEMLDYRR	C82H133N27O32S2	23427	True	691.643540	3
Human_cit_proteome_syn_peptides	02207a_BB1-TUM_mod_citrullination_l_13_01_01-DDA-1h-R1.mzML	P14136	GFAP	Glial fibrillary acidic protein 	GTNESLER*Q(0.9800)MREQEER	GTNESLER*Q(0.9800)MREQEER	C77H128N26O34S	25392	False	665.301010	3
Human_cit_proteome_syn_peptides	02207a_BB3-TUM_mod_citrullination_l_15_01_01-DDA-1h-R1.mzML	Q9UHB6	LIMA1	LIM domain and actin-binding protein 1 	HR*ADHPPAEVTSHAASGAK	HR*ADHPPAEVTSHAASGAK	C81H126N28O28	7119	False	485.740210	4
Human_cit_proteome_syn_peptides	02207a_BB2-TUM_mod_citrullination_l_14_01_01-DDA-1h-R1.mzML	P02671	FIBA	Fibrinogen alpha chain 	HR*HPDEAAFFDTASTGK	HR*HPDEAAFFDTASTGK	C82H118N24O28	26304	True	629.958700	3
Human_cit_proteome_syn_peptides	02207a_BB1-TUM_mod_citrullination_l_13_01_01-DDA-1h-R1.mzML	Q13439-3	GOGA4	Isoform 3 of Golgin subfamily A member 4 	IAELR*EELQ(0.9800)M(15.9900)DQQAK	IAELR*EELQ(0.9800)M(15.9900)DQQAK	C75H126N20O30S	33920	False	910.442380	2
Human_cit_proteome_syn_peptides	02207a_BB1-TUM_mod_citrullination_l_13_01_01-DDA-1h-R1.mzML	Q13439-3	GOGA4	Isoform 3 of Golgin subfamily A member 4 	IAELR*EELQ(0.9800)M(15.9900)DQQAKK	IAELR*EELQ(0.9800)M(15.9900)DQQAKK	C81H138N22O31S	32902	False	649.994800	3
Human_cit_proteome_syn_peptides	02207a_BB1-TUM_mod_citrullination_l_13_01_01-DDA-1h-R1.mzML	Q13439-3	GOGA4	Isoform 3 of Golgin subfamily A member 4 	IAELR*EELQ(0.9800)MDQQAKK	IAELR*EELQ(0.9800)MDQQAKK	C81H138N22O30S	32824	False	644.663230	3
Human_cit_proteome_syn_peptides	02207a_BB1-TUM_mod_citrullination_l_13_01_01-DDA-1h-R1.mzML	Q05682	CALD1	Caldesmon 	IAYQR*NDDDEEEAAR	IAYQR*NDDDEEEAAR	C72H110N22O32	14378	False	898.390640	2
Human_cit_proteome_syn_peptides	02207a_BB1-TUM_mod_citrullination_l_13_01_01-DDA-1h-R1.mzML	Q7L2E3-2	DHX30	Isoform 2 of Putative ATP-dependent RNA helicase DHX30 	IDAER*Q(0.9800)AAAAAC(57.0200)QLFK	IDAER*Q(0.9800)AAAAAC(57.0200)QLFK	C75H121N21O26S	51032	False	882.933550	2
Human_cit_proteome_syn_peptides	02207a_BB2-TUM_mod_citrullination_l_14_01_01-DDA-1h-R1.mzML	P11413-3	G6PD	Isoform 3 of Glucose-6-phosphate 1-dehydrogenase 	IIVEKPFGR*DLQSSDR	IIVEKPFGR*DLQSSDR	C81H133N23O27	30770	True	620.998990	3
Human_cit_proteome_syn_peptides	02207a_BB2-TUM_mod_citrullination_l_14_01_01-DDA-1h-R1.mzML	O60343-3	TBCD4	Isoform 3 of TBC1 domain family member 4 	IQALESNLEN(0.9800)LLTR*	IQALESNLEN(0.9800)LLTR*	C69H118N18O26	55433	False	808.432120	2
Human_cit_proteome_syn_peptides	02207a_BB2-TUM_mod_citrullination_l_14_01_01-DDA-1h-R1.mzML	O60343-3	TBCD4	Isoform 3 of TBC1 domain family member 4 	IQALESNLEN(0.9800)LLTR*ETK	IQALESNLEN(0.9800)LLTR*ETK	C84H144N22O32	51837	False	987.524890	2
Human_cit_proteome_syn_peptides	02207a_BB2-TUM_mod_citrullination_l_14_01_01-DDA-1h-R1.mzML	Q562E7-4	WDR81	Isoform 4 of WD repeat-containing protein 81 	ISN(0.9800)FHYLM(15.9900)Q(0.9800)LN(0.9800)R*	ISN(0.9800)FHYLM(15.9900)Q(0.9800)LN(0.9800)R*	C69H102N16O23S	42118	False	778.359070	2
Human_cit_proteome_syn_peptides	02207a_BB2-TUM_mod_citrullination_l_14_01_01-DDA-1h-R1.mzML	Q562E7	WDR81	WD repeat-containing protein 81 	ISN(0.9800)FHYLMQ(0.9800)LN(0.9800)R*	ISN(0.9800)FHYLMQ(0.9800)LN(0.9800)R*	C69H102N16O22S	47467	False	770.362390	2
Human_cit_proteome_syn_peptides	02207a_BB2-TUM_mod_citrullination_l_14_01_01-DDA-1h-R1.mzML	Q562E7-4	WDR81	Isoform 4 of WD repeat-containing protein 81 	ISN(0.9800)FHYLM(15.9900)Q(0.9800)LN(0.9800)R*LAGR	ISN(0.9800)FHYLM(15.9900)Q(0.9800)LN(0.9800)R*LAGR	C86H133N23O27S	48051	False	651.657160	3
Human_cit_proteome_syn_peptides	02207a_BB2-TUM_mod_citrullination_l_14_01_01-DDA-1h-R1.mzML	Q562E7-4	WDR81	Isoform 4 of WD repeat-containing protein 81 	ISN(0.9800)FHYLMQ(0.9800)LN(0.9800)R*LAGR	ISN(0.9800)FHYLMQ(0.9800)LN(0.9800)R*LAGR	C86H133N23O26S	50555	False	646.324920	3
Human_cit_proteome_syn_peptides	02207a_BB2-TUM_mod_citrullination_l_14_01_01-DDA-1h-R1.mzML	Q562E7-4	WDR81	Isoform 4 of WD repeat-containing protein 81 	ISN(0.9800)FHYLMQ(0.9800)LN(0.9800)RLAGR*	ISN(0.9800)FHYLMQ(0.9800)LN(0.9800)RLAGR*	C86H133N23O26S	50595	False	968.984730	2
Human_cit_proteome_syn_peptides	02207a_BB2-TUM_mod_citrullination_l_14_01_01-DDA-1h-R1.mzML	P02545-2	LMNA	Isoform C of Prelamin-A/C 	ITR*LQEKEDLQELNDR	ITR*LQEKEDLQELNDR	C83H141N25O32	28820	True	667.679950	3
Human_cit_proteome_syn_peptides	02207a_BB1-TUM_mod_citrullination_l_13_01_01-DDA-1h-R1.mzML	Q9UBZ9-2	REV1	Isoform 2 of DNA repair protein REV1 	LEEQFR*SDAAM(15.9900)Q(0.9800)K	LEEQFR*SDAAM(15.9900)Q(0.9800)K	C65H103N17O26S	21836	True	785.858150	2
Human_cit_proteome_syn_peptides	02207a_BB1-TUM_mod_citrullination_l_13_01_01-DDA-1h-R1.mzML	Q9UBZ9-2	REV1	Isoform 2 of DNA repair protein REV1 	LEEQFR*SDAAMQ(0.9800)K	LEEQFR*SDAAMQ(0.9800)K	C65H103N17O25S	26059	True	777.865300	2
Human_cit_proteome_syn_peptides	02207a_BB1-TUM_mod_citrullination_l_13_01_01-DDA-1h-R1.mzML	O60281	ZN292	Zinc finger protein 292 	LGER*LQ(0.9800)ELELQ(0.9800)LR	LGER*LQ(0.9800)ELELQ(0.9800)LR	C69H118N18O25	50679	True	800.433920	2
Human_cit_proteome_syn_peptides	02207a_BB2-TUM_mod_citrullination_l_14_01_01-DDA-1h-R1.mzML	O60281	ZN292	Zinc finger protein 292 	LGERLQ(0.9800)ELELQ(0.9800)LR*	LGERLQ(0.9800)ELELQ(0.9800)LR*	C69H118N18O25	47954	True	800.438430	2
Human_cit_proteome_syn_peptides	02207a_BB1-TUM_mod_citrullination_l_13_01_01-DDA-1h-R1.mzML	O60281	ZN292	Zinc finger protein 292 	LGER*LQ(0.9800)ELELQ(0.9800)LRESR	LGER*LQ(0.9800)ELELQ(0.9800)LRESR	C83H142N24O31	46825	True	658.017000	3
Human_cit_proteome_syn_peptides	02207a_BB2-TUM_mod_citrullination_l_14_01_01-DDA-1h-R1.mzML	O60281	ZN292	Zinc finger protein 292 	LGERLQ(0.9800)ELELQ(0.9800)LR*ESR	LGERLQ(0.9800)ELELQ(0.9800)LR*ESR	C83H142N24O31	45254	True	986.521580	2
Human_cit_proteome_syn_peptides	02207a_BB2-TUM_mod_citrullination_l_14_01_01-DDA-1h-R1.mzML	Q9BQG0-2	MBB1A	Isoform 2 of Myb-binding protein 1A 	LSLVIR*SPSLLQSGAK	LSLVIR*SPSLLQSGAK	C74H132N20O23	46548	False	835.497750	2
Human_cit_proteome_syn_peptides	02207a_BB2-TUM_mod_citrullination_l_14_01_01-DDA-1h-R1.mzML	Q9BQG0-2	MBB1A	Isoform 2 of Myb-binding protein 1A 	LSLVIR*SPSLLQSGAKK	LSLVIR*SPSLLQSGAKK	C80H144N22O24	41794	False	600.032220	3
Human_cit_proteome_syn_peptides	02207a_BB1-TUM_mod_citrullination_l_13_01_01-DDA-1h-R1.mzML	Q29RF7	PDS5A	Sister chromatid cohesion protein PDS5 homolog A 	LTR*DAQSPDESK	LTR*DAQSPDESK	C54H90N16O24	7944	True	674.323990	2
Human_cit_proteome_syn_peptides	02207a_BB1-TUM_mod_citrullination_l_13_01_01-DDA-1h-R1.mzML	Q29RF7	PDS5A	Sister chromatid cohesion protein PDS5 homolog A 	LTR*DAQSPDESKTN(0.9800)EK	LTR*DAQSPDESKTN(0.9800)EK	C73H121N21O33	7506	True	607.623030	3
Human_cit_proteome_syn_peptides	02207a_BB1-TUM_mod_citrullination_l_13_01_01-DDA-1h-R1.mzML	Q29RF7	PDS5A	Sister chromatid cohesion protein PDS5 homolog A 	LTR*DAQSPDESKTNEK	LTR*DAQSPDESKTNEK	C73H122N22O32	6690	True	607.293560	3
Human_cit_proteome_syn_peptides	02207a_BB1-TUM_mod_citrullination_l_13_01_01-DDA-1h-R1.mzML	Q9H0X9-2	OSBL5	Isoform 2 of Oxysterol-binding protein-related protein 5 	LWQ(0.9800)HVTR*AISK	LWQ(0.9800)HVTR*AISK	C61H97N17O17	29343	False	670.870100	2
Human_cit_proteome_syn_peptides	02207a_BB1-TUM_mod_citrullination_l_13_01_01-DDA-1h-R1.mzML	Q9H0X9-2	OSBL5	Isoform 2 of Oxysterol-binding protein-related protein 5 	LWQ(0.9800)HVTR*AISKGDQ(0.9800)HR	LWQ(0.9800)HVTR*AISKGDQ(0.9800)HR	C84H131N27O26	25739	False	484.501860	4
Human_cit_proteome_syn_peptides	02207a_BB1-TUM_mod_citrullination_l_13_01_01-DDA-1h-R1.mzML	Q9H0X9-2	OSBL5	Isoform 2 of Oxysterol-binding protein-related protein 5 	LWQHVTR*AISKGDQ(0.9800)HR	LWQHVTR*AISKGDQ(0.9800)HR	C84H132N28O25	25664	False	387.802730	5
Human_cit_proteome_syn_peptides	02207a_BB3-TUM_mod_citrullination_l_15_01_01-DDA-1h-R1.mzML	Q8WZ42-2	TITIN	Isoform 2 of Titin 	M(15.9900)AM(15.9900)Q(0.9800)R*N(0.9800)LC(57.0200)TLELFSVN(0.9800)R	M(15.9900)AM(15.9900)Q(0.9800)R*N(0.9800)LC(57.0200)TLELFSVN(0.9800)R	C87H143N23O32S3	48460	False	1,059.981000	2
Human_cit_proteome_syn_peptides	02207a_BB3-TUM_mod_citrullination_l_15_01_01-DDA-1h-R1.mzML	Q8WZ42-12	TITIN	Isoform 12 of Titin 	M(15.9900)AM(15.9900)QR*N(0.9800)LC(57.0200)TLELFSVN(0.9800)R	M(15.9900)AM(15.9900)QR*N(0.9800)LC(57.0200)TLELFSVN(0.9800)R	C87H144N24O31S3	48299	False	1,059.980100	2
Human_cit_proteome_syn_peptides	02207a_BB3-TUM_mod_citrullination_l_15_01_01-DDA-1h-R1.mzML	Q8WZ42-12	TITIN	Isoform 12 of Titin 	M(15.9900)AMQ(0.9800)R*N(0.9800)LC(57.0200)TLELFSVN(0.9800)R	M(15.9900)AMQ(0.9800)R*N(0.9800)LC(57.0200)TLELFSVN(0.9800)R	C87H143N23O31S3	52251	False	1,051.984400	2
Human_cit_proteome_syn_peptides	02207a_BB3-TUM_mod_citrullination_l_15_01_01-DDA-1h-R1.mzML	Q8WZ42-9	TITIN	Isoform 9 of Titin 	M(15.9900)AMQR*N(0.9800)LC(57.0200)TLELFSVN(0.9800)R	M(15.9900)AMQR*N(0.9800)LC(57.0200)TLELFSVN(0.9800)R	C87H144N24O30S3	52533	False	1,051.983000	2
Human_cit_proteome_syn_peptides	02207a_BB3-TUM_mod_citrullination_l_15_01_01-DDA-1h-R1.mzML	Q8WZ42-7	TITIN	Isoform 7 of Titin 	MAM(15.9900)Q(0.9800)R*N(0.9800)LC(57.0200)TLELFSVN(0.9800)R	MAM(15.9900)Q(0.9800)R*N(0.9800)LC(57.0200)TLELFSVN(0.9800)R	C87H143N23O31S3	49915	False	1,051.983700	2
Human_cit_proteome_syn_peptides	02207a_BB3-TUM_mod_citrullination_l_15_01_01-DDA-1h-R1.mzML	Q8WZ42-2	TITIN	Isoform 2 of Titin 	MAM(15.9900)QR*N(0.9800)LC(57.0200)TLELFSVN(0.9800)R	MAM(15.9900)QR*N(0.9800)LC(57.0200)TLELFSVN(0.9800)R	C87H144N24O30S3	52383	False	1,051.982400	2
Human_cit_proteome_syn_peptides	02207a_BB3-TUM_mod_citrullination_l_15_01_01-DDA-1h-R1.mzML	Q8WZ42-12	TITIN	Isoform 12 of Titin 	MAMQ(0.9800)R*N(0.9800)LC(57.0200)TLELFSVN(0.9800)R	MAMQ(0.9800)R*N(0.9800)LC(57.0200)TLELFSVN(0.9800)R	C87H143N23O30S3	55354	False	1,043.986300	2
Human_cit_proteome_syn_peptides	02207a_BB3-TUM_mod_citrullination_l_15_01_01-DDA-1h-R1.mzML	Q8WZ42-9	TITIN	Isoform 9 of Titin 	MAMQR*N(0.9800)LC(57.0200)TLELFSVN(0.9800)R	MAMQR*N(0.9800)LC(57.0200)TLELFSVN(0.9800)R	C87H144N24O29S3	55355	False	1,043.986300	2
Human_cit_proteome_syn_peptides	02207a_BB2-TUM_mod_citrullination_l_14_01_01-DDA-1h-R1.mzML	Q5JR59-4	MTUS2	Isoform 3 of Microtubule-associated tumor suppressor candidate 2 	(42.0100)M(15.9900)AR*LQ(0.9800)EEHGDQ(0.9800)LLSIR	(42.0100)M(15.9900)AR*LQ(0.9800)EEHGDQ(0.9800)LLSIR	C81H133N23O31S	40723	True	978.971880	2
Human_cit_proteome_syn_peptides	02207a_BB1-TUM_mod_citrullination_l_13_01_01-DDA-1h-R1.mzML	Q9H799	CE042	Uncharacterized protein C5orf42 	M(15.9900)EIR*LEILTSTGIKQ(0.9800)K	M(15.9900)EIR*LEILTSTGIKQ(0.9800)K	C81H144N20O28S	42702	True	626.680920	3
Human_cit_proteome_syn_peptides	02207a_BB1-TUM_mod_citrullination_l_13_01_01-DDA-1h-R1.mzML	Q9H799	CE042	Uncharacterized protein C5orf42 	MEIR*LEILTSTGIKQ(0.9800)K	MEIR*LEILTSTGIKQ(0.9800)K	C81H144N20O27S	47089	True	621.349340	3
Human_cit_proteome_syn_peptides	02207a_BB2-TUM_mod_citrullination_l_14_01_01-DDA-1h-R1.mzML	O75694-2	NU155	Isoform 2 of Nuclear pore complex protein Nup155 	M(15.9900)EVAR*IQ(0.9800)LQIQETLQR	M(15.9900)EVAR*IQ(0.9800)LQIQETLQR	C83H144N24O29S	50633	True	987.522870	2
Human_cit_proteome_syn_peptides	02207a_BB2-TUM_mod_citrullination_l_14_01_01-DDA-1h-R1.mzML	O75694-2	NU155	Isoform 2 of Nuclear pore complex protein Nup155 	MEVAR*IQ(0.9800)LQIQETLQR	MEVAR*IQ(0.9800)LQIQETLQR	C83H144N24O28S	55828	True	979.524350	2
Human_cit_proteome_syn_peptides	02207a_BB3-TUM_mod_citrullination_l_15_01_01-DDA-1h-R1.mzML	O75694-2	NU155	Isoform 2 of Nuclear pore complex protein Nup155 	MEVAR*IQ(0.9800)LQIQETLQR	MEVAR*IQ(0.9800)LQIQETLQR	C83H144N24O28S	55378	True	979.524620	2
Human_cit_proteome_syn_peptides	02207a_BB2-TUM_mod_citrullination_l_14_01_01-DDA-1h-R1.mzML	O75694-2	NU155	Isoform 2 of Nuclear pore complex protein Nup155 	MEVAR*IQLQ(0.9800)IQETLQR	MEVAR*IQLQ(0.9800)IQETLQR	C83H144N24O28S	55980	True	979.524100	2
Human_cit_proteome_syn_peptides	02207a_BB3-TUM_mod_citrullination_l_15_01_01-DDA-1h-R1.mzML	Q8N573-6	OXR1	Isoform 6 of Oxidation resistance protein 1 	M(15.9900)Q(0.9800)QTKQQR*EN(0.9800)IQ(0.9800)Q(0.9800)VSQ(0.9800)K	M(15.9900)Q(0.9800)QTKQQR*EN(0.9800)IQ(0.9800)Q(0.9800)VSQ(0.9800)K	C85H142N24O37S	19120	True	708.664160	3
Human_cit_proteome_syn_peptides	02207a_BB3-TUM_mod_citrullination_l_15_01_01-DDA-1h-R1.mzML	Q8N573-6	OXR1	Isoform 6 of Oxidation resistance protein 1 	MQ(0.9800)QTKQQR*EN(0.9800)IQ(0.9800)Q(0.9800)VSQ(0.9800)K	MQ(0.9800)QTKQQR*EN(0.9800)IQ(0.9800)Q(0.9800)VSQ(0.9800)K	C85H142N24O36S	21211	True	1,054.495900	2
Human_cit_proteome_syn_peptides	02207a_BB3-TUM_mod_citrullination_l_15_01_01-DDA-1h-R1.mzML	Q8IZP9-9	AGRG2	Isoform 9 of Adhesion G-protein coupled receptor G2 	N(0.9800)GGR*GGWSDNGC(57.0200)SVKDR	N(0.9800)GGR*GGWSDNGC(57.0200)SVKDR	C71H110N26O29S	15408	False	608.596380	3
Human_cit_proteome_syn_peptides	02207a_BB3-TUM_mod_citrullination_l_15_01_01-DDA-1h-R1.mzML	Q8IZP9-9	AGRG2	Isoform 9 of Adhesion G-protein coupled receptor G2 	NGGR*GGWSDN(0.9800)GC(57.0200)SVKDR	NGGR*GGWSDN(0.9800)GC(57.0200)SVKDR	C71H110N26O29S	15118	False	608.596960	3
Human_cit_proteome_syn_peptides	02207a_BB3-TUM_mod_citrullination_l_15_01_01-DDA-1h-R1.mzML	Q8IZP9-9	AGRG2	Isoform 9 of Adhesion G-protein coupled receptor G2 	NGGR*GGWSDNGC(57.0200)SVKDR	NGGR*GGWSDNGC(57.0200)SVKDR	C71H111N27O28S	13971	False	608.265090	3
Human_cit_proteome_syn_peptides	02207a_BB2-TUM_mod_citrullination_l_14_01_01-DDA-1h-R1.mzML	P14136	GFAP	Glial fibrillary acidic protein 	N(0.9800)IVVKTVEM(15.9900)R*DGEVIK	N(0.9800)IVVKTVEM(15.9900)R*DGEVIK	C79H138N20O28S	31799	True	924.494240	2
Human_cit_proteome_syn_peptides	02207a_BB1-TUM_mod_citrullination_l_13_01_01-DDA-1h-R1.mzML	Q8WYB5	KAT6B	Histone acetyltransferase KAT6B 	NKYLHSPESR*PVTGER	NKYLHSPESR*PVTGER	C80H127N25O27	15512	True	468.490800	4
Human_cit_proteome_syn_peptides	02207a_BB1-TUM_mod_citrullination_l_13_01_01-DDA-1h-R1.mzML	Q7Z353	HDX	Highly divergent homeobox 	NLRSVFTVEQ(0.9800)Q(0.9800)R*	NLRSVFTVEQ(0.9800)Q(0.9800)R*	C63H102N18O23	36729	True	740.376550	2
Human_cit_proteome_syn_peptides	02207a_BB2-TUM_mod_citrullination_l_14_01_01-DDA-1h-R1.mzML	Q7Z353	HDX	Highly divergent homeobox 	NLR*SVFTVEQ(0.9800)Q(0.9800)RILQR	NLR*SVFTVEQ(0.9800)Q(0.9800)RILQR	C86H144N26O28	48490	True	664.029360	3
Human_cit_proteome_syn_peptides	02207a_BB1-TUM_mod_citrullination_l_13_01_01-DDA-1h-R1.mzML	Q7Z353	HDX	Highly divergent homeobox 	NLRSVFTVEQ(0.9800)Q(0.9800)R*ILQR	NLRSVFTVEQ(0.9800)Q(0.9800)R*ILQR	C86H144N26O28	46526	True	664.029730	3
Human_cit_proteome_syn_peptides	02207a_BB2-TUM_mod_citrullination_l_14_01_01-DDA-1h-R1.mzML	Q7Z460	CLAP1	CLIP-associating protein 1 	NQPAR*FKNYAELTIM(15.9900)K	NQPAR*FKNYAELTIM(15.9900)K	C86H137N23O26S	32502	False	647.669680	3
Human_cit_proteome_syn_peptides	02207a_BB2-TUM_mod_citrullination_l_14_01_01-DDA-1h-R1.mzML	Q7Z460	CLAP1	CLIP-associating protein 1 	NQPAR*FKNYAELTIMK	NQPAR*FKNYAELTIMK	C86H137N23O25S	37759	False	642.337180	3
Human_cit_proteome_syn_peptides	02207a_BB2-TUM_mod_citrullination_l_14_01_01-DDA-1h-R1.mzML	P54821-2	PRRX1	Isoform 2 of Paired mesoderm homeobox protein 1 	NR*TTFN(0.9800)SSQLQALER	NR*TTFN(0.9800)SSQLQALER	C73H119N23O28	36827	False	883.937810	2
Human_cit_proteome_syn_peptides	02207a_BB1-TUM_mod_citrullination_l_13_01_01-DDA-1h-R1.mzML	O75167-4	PHAR2	Isoform 4 of Phosphatase and actin regulator 2 	Q(0.9800)EIR*Q(0.9800)Q(0.9800)IGTK	Q(0.9800)EIR*Q(0.9800)Q(0.9800)IGTK	C50H85N13O21	22454	False	602.808210	2
Human_cit_proteome_syn_peptides	02207a_BB2-TUM_mod_citrullination_l_14_01_01-DDA-1h-R1.mzML	Q96M27	PRRC1	Protein PRRC1 	QM(15.9900)IYSAAR*AIAGM(15.9900)YK	QM(15.9900)IYSAAR*AIAGM(15.9900)YK	C74H119N19O23S2	38253	True	853.916910	2
Human_cit_proteome_syn_peptides	02207a_BB2-TUM_mod_citrullination_l_14_01_01-DDA-1h-R1.mzML	Q96M27	PRRC1	Protein PRRC1 	QM(15.9900)IYSAAR*AIAGMYK	QM(15.9900)IYSAAR*AIAGMYK	C74H119N19O22S2	43917	True	845.919480	2
Human_cit_proteome_syn_peptides	02207a_BB2-TUM_mod_citrullination_l_14_01_01-DDA-1h-R1.mzML	Q96M27	PRRC1	Protein PRRC1 	QMIYSAAR*AIAGM(15.9900)YK	QMIYSAAR*AIAGM(15.9900)YK	C74H119N19O22S2	42370	True	845.920220	2
Human_cit_proteome_syn_peptides	02207a_BB2-TUM_mod_citrullination_l_14_01_01-DDA-1h-R1.mzML	Q96M27	PRRC1	Protein PRRC1 	QMIYSAAR*AIAGMYK	QMIYSAAR*AIAGMYK	C74H119N19O21S2	48625	True	837.922190	2
Human_cit_proteome_syn_peptides	02207a_BB3-TUM_mod_citrullination_l_15_01_01-DDA-1h-R1.mzML	Q8N573-6	OXR1	Isoform 6 of Oxidation resistance protein 1 	Q(0.9800)Q(0.9800)TKQ(0.9800)QR*EN(0.9800)IQ(0.9800)Q(0.9800)VSQ(0.9800)K	Q(0.9800)Q(0.9800)TKQ(0.9800)QR*EN(0.9800)IQ(0.9800)Q(0.9800)VSQ(0.9800)K	C80H131N21O37	19602	True	660.646750	3
Human_cit_proteome_syn_peptides	02207a_BB2-TUM_mod_citrullination_l_14_01_01-DDA-1h-R1.mzML	P08240-2	SRPRA	Isoform 2 of Signal recognition particle receptor subunit alpha 	Q(0.9800)R*PYVVTFC(57.0200)GVN(0.9800)GVGK	Q(0.9800)R*PYVVTFC(57.0200)GVN(0.9800)GVGK	C79H122N20O25S	39672	True	892.939830	2
Human_cit_proteome_syn_peptides	02207a_BB3-TUM_mod_citrullination_l_15_01_01-DDA-1h-R1.mzML	P08240-2	SRPRA	Isoform 2 of Signal recognition particle receptor subunit alpha 	Q(0.9800)R*PYVVTFC(57.0200)GVN(0.9800)GVGK	Q(0.9800)R*PYVVTFC(57.0200)GVN(0.9800)GVGK	C79H122N20O25S	39737	True	892.438340	2
Human_cit_proteome_syn_peptides	02207a_BB3-TUM_mod_citrullination_l_15_01_01-DDA-1h-R1.mzML	P08240-2	SRPRA	Isoform 2 of Signal recognition particle receptor subunit alpha 	QR*PYVVTFC(57.0200)GVN(0.9800)GVGK	QR*PYVVTFC(57.0200)GVN(0.9800)GVGK	C79H123N21O24S	40534	True	892.439470	2
Human_cit_proteome_syn_peptides	02207a_BB2-TUM_mod_citrullination_l_14_01_01-DDA-1h-R1.mzML	Q14315-2	FLNC	Isoform 2 of Filamin-C 	R*DTVEVALEDK	R*DTVEVALEDK	C53H90N14O22	29091	True	638.325600	2
Human_cit_proteome_syn_peptides	02207a_BB2-TUM_mod_citrullination_l_14_01_01-DDA-1h-R1.mzML	Q14315-2	FLNC	Isoform 2 of Filamin-C 	R*DTVEVALEDKGDSTFR	R*DTVEVALEDKGDSTFR	C81H131N23O32	31985	True	647.322920	3
Human_cit_proteome_syn_peptides	02207a_BB2-TUM_mod_citrullination_l_14_01_01-DDA-1h-R1.mzML	Q92995	UBP13	Ubiquitin carboxyl-terminal hydrolase 13 	R*GALFGM(15.9900)PGGSGGR	R*GALFGM(15.9900)PGGSGGR	C55H89N19O18S	25966	True	668.825320	2
Human_cit_proteome_syn_peptides	02207a_BB2-TUM_mod_citrullination_l_14_01_01-DDA-1h-R1.mzML	P51991	ROA3	Heterogeneous nuclear ribonucleoprotein A3 	R*GEEGHDPKEPEQLR	R*GEEGHDPKEPEQLR	C73H116N24O28	11178	True	593.287770	3
Human_cit_proteome_syn_peptides	02207a_BB1-TUM_mod_citrullination_l_13_01_01-DDA-1h-R1.mzML	P22626-2	ROA2	Isoform A2 of Heterogeneous nuclear ribonucleoproteins A2/B1 	R*GFGFVTFDDHDPVDK	R*GFGFVTFDDHDPVDK	C84H117N21O27	42221	True	926.928810	2
Human_cit_proteome_syn_peptides	02207a_BB2-TUM_mod_citrullination_l_14_01_01-DDA-1h-R1.mzML	Q5VYS8-3	TUT7	Isoform 3 of Terminal uridylyltransferase 7 	R*GQ(0.9800)VVSSLLC(57.0200)R	R*GQ(0.9800)VVSSLLC(57.0200)R	C52H93N17O18S	35710	True	638.838370	2
Human_cit_proteome_syn_peptides	02207a_BB2-TUM_mod_citrullination_l_14_01_01-DDA-1h-R1.mzML	P12110	CO6A2	Collagen alpha-2(VI) chain 	R*GTFTDC(57.0200)ALANM(15.9900)TEQIR	R*GTFTDC(57.0200)ALANM(15.9900)TEQIR	C81H133N25O30S2	32893	True	1,000.963500	2
Human_cit_proteome_syn_peptides	02207a_BB2-TUM_mod_citrullination_l_14_01_01-DDA-1h-R1.mzML	P12110	CO6A2	Collagen alpha-2(VI) chain 	R*GTFTDC(57.0200)ALANMTEQIR	R*GTFTDC(57.0200)ALANMTEQIR	C81H133N25O29S2	43829	True	992.965710	2
Human_cit_proteome_syn_peptides	02207a_BB3-TUM_mod_citrullination_l_15_01_01-DDA-1h-R1.mzML	P35580-2	MYH10	Isoform 2 of Myosin-10 	R*HEM(15.9900)PPHIYAISESAYR	R*HEM(15.9900)PPHIYAISESAYR	C91H136N26O28S	26525	True	691.999930	3
Human_cit_proteome_syn_peptides	02207a_BB3-TUM_mod_citrullination_l_15_01_01-DDA-1h-R1.mzML	P35580-2	MYH10	Isoform 2 of Myosin-10 	R*HEMPPHIYAISESAYR	R*HEMPPHIYAISESAYR	C91H136N26O27S	28897	True	686.668000	3
Human_cit_proteome_syn_peptides	02207a_BB2-TUM_mod_citrullination_l_14_01_01-DDA-1h-R1.mzML	P31689	DNJA1	DnaJ homolog subfamily A member 1 	R*HYN(0.9800)GEAYEDDEHHPR	R*HYN(0.9800)GEAYEDDEHHPR	C85H115N27O32	10316	True	507.713580	4
Human_cit_proteome_syn_peptides	02207a_BB1-TUM_mod_citrullination_l_13_01_01-DDA-1h-R1.mzML	P54821-2	PRRX1	Isoform 2 of Paired mesoderm homeobox protein 1 	R*NRTTFN(0.9800)SSQLQALER	R*NRTTFN(0.9800)SSQLQALER	C79H131N27O29	31857	False	961.989000	2
Human_cit_proteome_syn_peptides	02207a_BB2-TUM_mod_citrullination_l_14_01_01-DDA-1h-R1.mzML	Q8N612-2	F16A2	Isoform 2 of FTS and Hook-interacting protein 	R*PSLGELLLR	R*PSLGELLLR	C51H91N15O15	47791	True	577.849290	2
Human_cit_proteome_syn_peptides	02207a_BB2-TUM_mod_citrullination_l_14_01_01-DDA-1h-R1.mzML	Q8N612-2	F16A2	Isoform 2 of FTS and Hook-interacting protein 	R*PSLGELLLRHAHSPTR	R*PSLGELLLRHAHSPTR	C84H141N29O24	34372	True	486.276580	4
Human_cit_proteome_syn_peptides	02207a_BB3-TUM_mod_citrullination_l_15_01_01-DDA-1h-R1.mzML	Q8N612-2	F16A2	Isoform 2 of FTS and Hook-interacting protein 	RPSLGELLLR*HAHSPTR	RPSLGELLLR*HAHSPTR	C84H141N29O24	33697	True	486.276250	4
Human_cit_proteome_syn_peptides	02207a_BB2-TUM_mod_citrullination_l_14_01_01-DDA-1h-R1.mzML	Q96M27	PRRC1	Protein PRRC1 	RQM(15.9900)IYSAAR*AIAGM(15.9900)YK	RQM(15.9900)IYSAAR*AIAGM(15.9900)YK	C80H131N23O24S2	33846	True	621.647240	3
Human_cit_proteome_syn_peptides	02207a_BB2-TUM_mod_citrullination_l_14_01_01-DDA-1h-R1.mzML	Q96M27	PRRC1	Protein PRRC1 	RQMIYSAAR*AIAGMYK	RQMIYSAAR*AIAGMYK	C80H131N23O22S2	43756	True	610.983670	3
Human_cit_proteome_syn_peptides	02207a_BB3-TUM_mod_citrullination_l_15_01_01-DDA-1h-R1.mzML	P08240-2	SRPRA	Isoform 2 of Signal recognition particle receptor subunit alpha 	R*QR*PYVVTFC(57.0200)GVN(0.9800)GVGK	R*QR*PYVVTFC(57.0200)GVN(0.9800)GVGK	C85H134N24O26S	38821	True	970.982050	2
Human_cit_proteome_syn_peptides	02207a_BB2-TUM_mod_citrullination_l_14_01_01-DDA-1h-R1.mzML	P08240-2	SRPRA	Isoform 2 of Signal recognition particle receptor subunit alpha 	RQ(0.9800)R*PYVVTFC(57.0200)GVN(0.9800)GVGK	RQ(0.9800)R*PYVVTFC(57.0200)GVN(0.9800)GVGK	C85H134N24O26S	35749	True	647.328380	3
Human_cit_proteome_syn_peptides	02207a_BB3-TUM_mod_citrullination_l_15_01_01-DDA-1h-R1.mzML	P08240-2	SRPRA	Isoform 2 of Signal recognition particle receptor subunit alpha 	RQ(0.9800)R*PYVVTFC(57.0200)GVN(0.9800)GVGK	RQ(0.9800)R*PYVVTFC(57.0200)GVN(0.9800)GVGK	C85H134N24O26S	35042	True	647.329470	3
Human_cit_proteome_syn_peptides	02207a_BB3-TUM_mod_citrullination_l_15_01_01-DDA-1h-R1.mzML	P08240-2	SRPRA	Isoform 2 of Signal recognition particle receptor subunit alpha 	RQR*PYVVTFC(57.0200)GVN(0.9800)GVGK	RQR*PYVVTFC(57.0200)GVN(0.9800)GVGK	C85H135N25O25S	35186	True	647.329390	3
Human_cit_proteome_syn_peptides	02207a_BB2-TUM_mod_citrullination_l_14_01_01-DDA-1h-R1.mzML	P31689	DNJA1	DnaJ homolog subfamily A member 1 	R*R*HYN(0.9800)GEAYEDDEHHPR	R*R*HYN(0.9800)GEAYEDDEHHPR	C91H126N30O34	11026	True	546.984120	4
Human_cit_proteome_syn_peptides	02207a_BB2-TUM_mod_citrullination_l_14_01_01-DDA-1h-R1.mzML	P31689	DNJA1	DnaJ homolog subfamily A member 1 	RR*HYN(0.9800)GEAYEDDEHHPR	RR*HYN(0.9800)GEAYEDDEHHPR	C91H127N31O33	10863	True	546.734280	4
Human_cit_proteome_syn_peptides	02207a_BB3-TUM_mod_citrullination_l_15_01_01-DDA-1h-R1.mzML	Q13574	DGKZ	Diacylglycerol kinase zeta 	R*R*SSAQ(0.9800)LQ(0.9800)GC(57.0200)LLSC(57.0200)GVR	R*R*SSAQ(0.9800)LQ(0.9800)GC(57.0200)LLSC(57.0200)GVR	C77H134N26O29S2	37548	True	976.471540	2
Human_cit_proteome_syn_peptides	02207a_BB3-TUM_mod_citrullination_l_15_01_01-DDA-1h-R1.mzML	Q13574	DGKZ	Diacylglycerol kinase zeta 	RR*SSAQ(0.9800)LQ(0.9800)GC(57.0200)LLSC(57.0200)GVR	RR*SSAQ(0.9800)LQ(0.9800)GC(57.0200)LLSC(57.0200)GVR	C77H135N27O28S2	37549	True	976.471540	2
Human_cit_proteome_syn_peptides	02207a_BB3-TUM_mod_citrullination_l_15_01_01-DDA-1h-R1.mzML	Q9BVJ6	UT14A	U3 small nucleolar RNA-associated protein 14 homolog A 	R*SELSQDAEPAGSQETK	R*SELSQDAEPAGSQETK	C73H120N22O33	15176	False	917.427360	2
Human_cit_proteome_syn_peptides	02207a_BB1-TUM_mod_citrullination_l_13_01_01-DDA-1h-R1.mzML	Q13263	TIF1B	Transcription intermediary factor 1-beta 	R*SR*SGEGEVSGLM(15.9900)R	R*SR*SGEGEVSGLM(15.9900)R	C59H103N21O25S	18015	True	769.865980	2
Human_cit_proteome_syn_peptides	02207a_BB3-TUM_mod_citrullination_l_15_01_01-DDA-1h-R1.mzML	Q13574	DGKZ	Diacylglycerol kinase zeta 	R*SSAQ(0.9800)LQ(0.9800)GC(57.0200)LLSC(57.0200)GVR	R*SSAQ(0.9800)LQ(0.9800)GC(57.0200)LLSC(57.0200)GVR	C71H123N23O27S2	37139	True	897.928650	2
Human_cit_proteome_syn_peptides	02207a_BB3-TUM_mod_citrullination_l_15_01_01-DDA-1h-R1.mzML	O75376	NCOR1	Nuclear receptor corepressor 1 	R*SYESVEGNIK	R*SYESVEGNIK	C54H87N15O21	21847	True	641.818120	2
Human_cit_proteome_syn_peptides	02207a_BB3-TUM_mod_citrullination_l_15_01_01-DDA-1h-R1.mzML	O75376	NCOR1	Nuclear receptor corepressor 1 	R*SYESVEGNIKQGM(15.9900)SM(15.9900)R	R*SYESVEGNIKQGM(15.9900)SM(15.9900)R	C80H133N25O31S2	19742	True	668.976260	3
Human_cit_proteome_syn_peptides	02207a_BB3-TUM_mod_citrullination_l_15_01_01-DDA-1h-R1.mzML	O75376	NCOR1	Nuclear receptor corepressor 1 	R*SYESVEGNIKQGMSMR	R*SYESVEGNIKQGMSMR	C80H133N25O29S2	31039	True	986.966260	2
Human_cit_proteome_syn_peptides	02207a_BB2-TUM_mod_citrullination_l_14_01_01-DDA-1h-R1.mzML	Q8WZ42-5	TITIN	Isoform 5 of Titin 	R*TEEGYYEAITAVELK	R*TEEGYYEAITAVELK	C83H129N19O30	44240	False	936.967260	2
Human_cit_proteome_syn_peptides	02207a_BB3-TUM_mod_citrullination_l_15_01_01-DDA-1h-R1.mzML	Q13228	SBP1	Selenium-binding protein 1 	R*VAGGPQ(0.9800)M(15.9900)IQLSLDGK	R*VAGGPQ(0.9800)M(15.9900)IQLSLDGK	C71H122N20O25S	36474	True	844.439770	2
Human_cit_proteome_syn_peptides	02207a_BB3-TUM_mod_citrullination_l_15_01_01-DDA-1h-R1.mzML	Q13228	SBP1	Selenium-binding protein 1 	R*VAGGPQ(0.9800)MIQLSLDGK	R*VAGGPQ(0.9800)MIQLSLDGK	C71H122N20O24S	42579	True	836.441780	2
Human_cit_proteome_syn_peptides	02207a_BB3-TUM_mod_citrullination_l_15_01_01-DDA-1h-R1.mzML	Q13228	SBP1	Selenium-binding protein 1 	R*VAGGPQ(0.9800)M(15.9900)IQLSLDGKR	R*VAGGPQ(0.9800)M(15.9900)IQLSLDGKR	C77H134N24O26S	32171	True	615.329250	3
Human_cit_proteome_syn_peptides	02207a_BB3-TUM_mod_citrullination_l_15_01_01-DDA-1h-R1.mzML	Q13228	SBP1	Selenium-binding protein 1 	R*VAGGPQ(0.9800)MIQLSLDGKR	R*VAGGPQ(0.9800)MIQLSLDGKR	C77H134N24O25S	37690	True	914.492360	2
Human_cit_proteome_syn_peptides	02207a_BB1-TUM_mod_citrullination_l_13_01_01-DDA-1h-R1.mzML	Q92804-2	RBP56	Isoform Short of TATA-binding protein-associated factor 2N 	SGGGYGGDR*GGGYGGDR	SGGGYGGDR*GGGYGGDR	C61H88N22O26	12593	True	773.320140	2
Human_cit_proteome_syn_peptides	02207a_BB2-TUM_mod_citrullination_l_14_01_01-DDA-1h-R1.mzML	Q92804-2	RBP56	Isoform Short of TATA-binding protein-associated factor 2N 	SGGGYGGDR*GGGYGGDR	SGGGYGGDR*GGGYGGDR	C61H88N22O26	12863	True	773.320760	2
Human_cit_proteome_syn_peptides	02207a_BB2-TUM_mod_citrullination_l_14_01_01-DDA-1h-R1.mzML	Q92804-2	RBP56	Isoform Short of TATA-binding protein-associated factor 2N 	SGGYGGDR*SGGGYGGDR	SGGYGGDR*SGGGYGGDR	C62H90N22O27	12760	True	788.325840	2
Human_cit_proteome_syn_peptides	02207a_BB3-TUM_mod_citrullination_l_15_01_01-DDA-1h-R1.mzML	Q0VD83-3	APOBR	Isoform 3 of Apolipoprotein B receptor 	SGQAQER*QESHEQEVNR	SGQAQER*QESHEQEVNR	C78H125N29O34	6339	True	671.639830	3
Human_cit_proteome_syn_peptides	02207a_BB1-TUM_mod_citrullination_l_13_01_01-DDA-1h-R1.mzML	P0DJI9	SAA2	Serum amyloid A-2 protein 	SGR*DPNHFRPAGLPEK	SGR*DPNHFRPAGLPEK	C77H119N25O24	20553	True	445.479170	4
Human_cit_proteome_syn_peptides	02207a_BB1-TUM_mod_citrullination_l_13_01_01-DDA-1h-R1.mzML	P02686-6	MBP	Isoform 6 of Myelin basic protein 	SHGR*TQDENPVVHFFK	SHGR*TQDENPVVHFFK	C84H123N25O26	34255	False	475.735310	4
Human_cit_proteome_syn_peptides	02207a_BB1-TUM_mod_citrullination_l_13_01_01-DDA-1h-R1.mzML	P51674-2	GPM6A	Isoform 2 of Neuronal membrane glycoprotein M6-a 	SKEEQELHDIHSTR*SK	SKEEQELHDIHSTR*SK	C79H129N25O31	12064	True	481.990080	4
Human_cit_proteome_syn_peptides	02207a_BB3-TUM_mod_citrullination_l_15_01_01-DDA-1h-R1.mzML	P33527-9	MRP1	Isoform 9 of Multidrug resistance-associated protein 1 	SPM(15.9900)SFFER*TPSGN(0.9800)LVNR	SPM(15.9900)SFFER*TPSGN(0.9800)LVNR	C84H129N23O29S	38767	True	978.961100	2
Human_cit_proteome_syn_peptides	02207a_BB3-TUM_mod_citrullination_l_15_01_01-DDA-1h-R1.mzML	P33527-9	MRP1	Isoform 9 of Multidrug resistance-associated protein 1 	SPMSFFER*TPSGN(0.9800)LVNR	SPMSFFER*TPSGN(0.9800)LVNR	C84H129N23O28S	44792	True	647.644660	3
Human_cit_proteome_syn_peptides	02207a_BB2-TUM_mod_citrullination_l_14_01_01-DDA-1h-R1.mzML	Q0VF96-2	CGNL1	Isoform 2 of Cingulin-like protein 1 	SR*EQ(0.9800)M(15.9900)EQLR	SR*EQ(0.9800)M(15.9900)EQLR	C46H79N15O20S	10797	False	597.775420	2
Human_cit_proteome_syn_peptides	02207a_BB2-TUM_mod_citrullination_l_14_01_01-DDA-1h-R1.mzML	Q0VF96	CGNL1	Cingulin-like protein 1 	SR*EQ(0.9800)MEQLR	SR*EQ(0.9800)MEQLR	C46H79N15O19S	20276	False	589.778750	2
Human_cit_proteome_syn_peptides	02207a_BB2-TUM_mod_citrullination_l_14_01_01-DDA-1h-R1.mzML	Q0VF96-2	CGNL1	Isoform 2 of Cingulin-like protein 1 	SR*EQ(0.9800)M(15.9900)EQ(0.9800)LRNELLQ(0.9800)ER	SR*EQ(0.9800)M(15.9900)EQ(0.9800)LRNELLQ(0.9800)ER	C83H139N25O35S	37765	False	1,039.988300	2
Human_cit_proteome_syn_peptides	02207a_BB2-TUM_mod_citrullination_l_14_01_01-DDA-1h-R1.mzML	Q0VF96	CGNL1	Cingulin-like protein 1 	SR*EQ(0.9800)M(15.9900)EQLR*NELLQ(0.9800)ER	SR*EQ(0.9800)M(15.9900)EQLR*NELLQ(0.9800)ER	C83H139N25O35S	37914	False	1,039.987400	2
Human_cit_proteome_syn_peptides	02207a_BB2-TUM_mod_citrullination_l_14_01_01-DDA-1h-R1.mzML	Q0VF96-2	CGNL1	Isoform 2 of Cingulin-like protein 1 	SR*EQ(0.9800)M(15.9900)EQLRN(0.9800)ELLQ(0.9800)ER	SR*EQ(0.9800)M(15.9900)EQLRN(0.9800)ELLQ(0.9800)ER	C83H139N25O35S	32618	False	693.660300	3
Human_cit_proteome_syn_peptides	02207a_BB3-TUM_mod_citrullination_l_15_01_01-DDA-1h-R1.mzML	Q0VF96-2	CGNL1	Isoform 2 of Cingulin-like protein 1 	SR*EQ(0.9800)M(15.9900)EQLRN(0.9800)ELLQ(0.9800)ER	SR*EQ(0.9800)M(15.9900)EQLRN(0.9800)ELLQ(0.9800)ER	C83H139N25O35S	29402	False	693.659420	3
Human_cit_proteome_syn_peptides	02207a_BB2-TUM_mod_citrullination_l_14_01_01-DDA-1h-R1.mzML	Q0VF96	CGNL1	Cingulin-like protein 1 	SR*EQ(0.9800)MEQLRN(0.9800)ELLQ(0.9800)ER	SR*EQ(0.9800)MEQLRN(0.9800)ELLQ(0.9800)ER	C83H139N25O34S	42474	False	688.664370	3
Human_cit_proteome_syn_peptides	02207a_BB2-TUM_mod_citrullination_l_14_01_01-DDA-1h-R1.mzML	Q0VF96-2	CGNL1	Isoform 2 of Cingulin-like protein 1 	SR*EQM(15.9900)EQ(0.9800)LRN(0.9800)ELLQ(0.9800)ER	SR*EQM(15.9900)EQ(0.9800)LRN(0.9800)ELLQ(0.9800)ER	C83H139N25O35S	38059	False	1,039.988600	2
Human_cit_proteome_syn_peptides	02207a_BB3-TUM_mod_citrullination_l_15_01_01-DDA-1h-R1.mzML	Q0VF96-2	CGNL1	Isoform 2 of Cingulin-like protein 1 	SR*EQM(15.9900)EQ(0.9800)LRN(0.9800)ELLQ(0.9800)ER	SR*EQM(15.9900)EQ(0.9800)LRN(0.9800)ELLQ(0.9800)ER	C83H139N25O35S	33753	False	1,039.988800	2
Human_cit_proteome_syn_peptides	02207a_BB1-TUM_mod_citrullination_l_13_01_01-DDA-1h-R1.mzML	Q0VF96	CGNL1	Cingulin-like protein 1 	SREQ(0.9800)M(15.9900)EQLR*N(0.9800)ELLQ(0.9800)ER	SREQ(0.9800)M(15.9900)EQLR*N(0.9800)ELLQ(0.9800)ER	C83H139N25O35S	35066	False	693.660570	3
Human_cit_proteome_syn_peptides	02207a_BB1-TUM_mod_citrullination_l_13_01_01-DDA-1h-R1.mzML	Q0VF96-2	CGNL1	Isoform 2 of Cingulin-like protein 1 	SREQ(0.9800)MEQLR*N(0.9800)ELLQ(0.9800)ER	SREQ(0.9800)MEQLR*N(0.9800)ELLQ(0.9800)ER	C83H139N25O34S	43563	False	688.330420	3
Human_cit_proteome_syn_peptides	02207a_BB1-TUM_mod_citrullination_l_13_01_01-DDA-1h-R1.mzML	Q14847-2	LASP1	Isoform 2 of LIM and SH3 domain protein 1 	SRM(15.9900)GPSGGEGM(15.9900)EPER*R	SRM(15.9900)GPSGGEGM(15.9900)EPER*R	C67H112N24O28S2	5541	False	589.257870	3
Human_cit_proteome_syn_peptides	02207a_BB1-TUM_mod_citrullination_l_13_01_01-DDA-1h-R1.mzML	Q14847-2	LASP1	Isoform 2 of LIM and SH3 domain protein 1 	SRMGPSGGEGM(15.9900)EPER*R	SRMGPSGGEGM(15.9900)EPER*R	C67H112N24O27S2	9435	False	583.926780	3
Human_cit_proteome_syn_peptides	02207a_BB2-TUM_mod_citrullination_l_14_01_01-DDA-1h-R1.mzML	Q13263	TIF1B	Transcription intermediary factor 1-beta 	SR*SGEGEVSGLM(15.9900)R	SR*SGEGEVSGLM(15.9900)R	C53H92N18O23S	17821	True	691.323390	2
Human_cit_proteome_syn_peptides	02207a_BB2-TUM_mod_citrullination_l_14_01_01-DDA-1h-R1.mzML	Q13263	TIF1B	Transcription intermediary factor 1-beta 	SR*SGEGEVSGLMR	SR*SGEGEVSGLMR	C53H92N18O22S	27210	True	683.324830	2
Human_cit_proteome_syn_peptides	02207a_BB3-TUM_mod_citrullination_l_15_01_01-DDA-1h-R1.mzML	Q13263	TIF1B	Transcription intermediary factor 1-beta 	SRSGEGEVSGLM(15.9900)R*	SRSGEGEVSGLM(15.9900)R*	C53H92N18O23S	17778	True	691.323900	2
Human_cit_proteome_syn_peptides	02207a_BB1-TUM_mod_citrullination_l_13_01_01-DDA-1h-R1.mzML	Q13263	TIF1B	Transcription intermediary factor 1-beta 	SR*SGEGEVSGLM(15.9900)RK	SR*SGEGEVSGLM(15.9900)RK	C59H104N20O24S	13894	True	503.915980	3
Human_cit_proteome_syn_peptides	02207a_BB1-TUM_mod_citrullination_l_13_01_01-DDA-1h-R1.mzML	Q13263	TIF1B	Transcription intermediary factor 1-beta 	SR*SGEGEVSGLMRK	SR*SGEGEVSGLMRK	C59H104N20O23S	22200	True	498.584580	3
Human_cit_proteome_syn_peptides	02207a_BB2-TUM_mod_citrullination_l_14_01_01-DDA-1h-R1.mzML	Q13263	TIF1B	Transcription intermediary factor 1-beta 	SR*SGEGEVSGLMRK	SR*SGEGEVSGLMRK	C59H104N20O23S	22273	True	498.585050	3
Human_cit_proteome_syn_peptides	02207a_BB2-TUM_mod_citrullination_l_14_01_01-DDA-1h-R1.mzML	P01042-2	KNG1	Isoform LMW of Kininogen-1 	SSR*IGEIKEETTSHLR	SSR*IGEIKEETTSHLR	C76H130N24O29	26302	True	461.743800	4
Human_cit_proteome_syn_peptides	02207a_BB1-TUM_mod_citrullination_l_13_01_01-DDA-1h-R1.mzML	Q7Z353	HDX	Highly divergent homeobox 	SVFTVEQ(0.9800)Q(0.9800)R*ILQR	SVFTVEQ(0.9800)Q(0.9800)R*ILQR	C70H115N19O24	44544	True	803.926700	2
Human_cit_proteome_syn_peptides	02207a_BB1-TUM_mod_citrullination_l_13_01_01-DDA-1h-R1.mzML	Q5T5U3	RHG21	Rho GTPase-activating protein 21 	SVSQER*LEDSVLM(15.9900)K	SVSQER*LEDSVLM(15.9900)K	C67H116N18O27S	33009	True	819.406950	2
Human_cit_proteome_syn_peptides	02207a_BB1-TUM_mod_citrullination_l_13_01_01-DDA-1h-R1.mzML	Q5T5U3	RHG21	Rho GTPase-activating protein 21 	SVSQER*LEDSVLMK	SVSQER*LEDSVLMK	C67H116N18O26S	37088	True	811.410040	2
Human_cit_proteome_syn_peptides	02207a_BB3-TUM_mod_citrullination_l_15_01_01-DDA-1h-R1.mzML	Q71U36-2	TBA1A	Tubulin alpha-1B chain 	TGTYR*QLFHPEQLITGK	TGTYR*QLFHPEQLITGK	C90H140N24O27	42389	True	664.019100	3
Human_cit_proteome_syn_peptides	02207a_BB2-TUM_mod_citrullination_l_14_01_01-DDA-1h-R1.mzML	O75167-4	PHAR2	Isoform 4 of Phosphatase and actin regulator 2 	TSEEER*Q(0.9800)EIRQ(0.9800)Q(0.9800)IGTK	TSEEER*Q(0.9800)EIRQ(0.9800)Q(0.9800)IGTK	C78H130N22O35	29270	False	645.977150	3
Human_cit_proteome_syn_peptides	02207a_BB1-TUM_mod_citrullination_l_13_01_01-DDA-1h-R1.mzML	O75167-4	PHAR2	Isoform 4 of Phosphatase and actin regulator 2 	TSEEERQ(0.9800)EIR*Q(0.9800)Q(0.9800)IGTK	TSEEERQ(0.9800)EIR*Q(0.9800)Q(0.9800)IGTK	C78H130N22O35	27297	False	645.977110	3
Human_cit_proteome_syn_peptides	02207a_BB2-TUM_mod_citrullination_l_14_01_01-DDA-1h-R1.mzML	P14136	GFAP	Glial fibrillary acidic protein 	TVEMR*DGEVIK	TVEMR*DGEVIK	C53H92N14O20S	24836	True	639.324640	2
Human_cit_proteome_syn_peptides	02207a_BB3-TUM_mod_citrullination_l_15_01_01-DDA-1h-R1.mzML	P14136	GFAP	Glial fibrillary acidic protein 	TVEMR*DGEVIK	TVEMR*DGEVIK	C53H92N14O20S	24719	True	639.324830	2
Human_cit_proteome_syn_peptides	02207a_BB2-TUM_mod_citrullination_l_14_01_01-DDA-1h-R1.mzML	O75533	SF3B1	Splicing factor 3B subunit 1 	TYM(15.9900)DVM(15.9900)R*EQHLTKEER	TYM(15.9900)DVM(15.9900)R*EQHLTKEER	C86H139N25O32S2	15339	True	525.494530	4
Human_cit_proteome_syn_peptides	02207a_BB2-TUM_mod_citrullination_l_14_01_01-DDA-1h-R1.mzML	O75533	SF3B1	Splicing factor 3B subunit 1 	TYMDVMR*EQHLTKEER	TYMDVMR*EQHLTKEER	C86H139N25O30S2	27766	True	689.660300	3
Human_cit_proteome_syn_peptides	02207a_BB1-TUM_mod_citrullination_l_13_01_01-DDA-1h-R1.mzML	P29376-4	LTK	Isoform 2 of Leukocyte tyrosine kinase receptor 	VAKIGDFGM(15.9900)AR*	VAKIGDFGM(15.9900)AR*	C51H84N14O16S	27107	False	591.303400	2
Human_cit_proteome_syn_peptides	02207a_BB1-TUM_mod_citrullination_l_13_01_01-DDA-1h-R1.mzML	P29376-4	LTK	Isoform 2 of Leukocyte tyrosine kinase receptor 	VAKIGDFGM(15.9900)AR*DIYR	VAKIGDFGM(15.9900)AR*DIYR	C76H121N21O23S	32562	False	864.941970	2
Human_cit_proteome_syn_peptides	02207a_BB1-TUM_mod_citrullination_l_13_01_01-DDA-1h-R1.mzML	P29376-4	LTK	Isoform 2 of Leukocyte tyrosine kinase receptor 	VAKIGDFGMAR*DIYR	VAKIGDFGMAR*DIYR	C76H121N21O22S	38091	False	856.944330	2
Human_cit_proteome_syn_peptides	02207a_BB2-TUM_mod_citrullination_l_14_01_01-DDA-1h-R1.mzML	Q96EI5-2	TCAL4	Isoform 2 of Transcription elongation factor A protein-like 4 	VESREAGPSVDR*	VESREAGPSVDR*	C52H87N17O22	11618	True	651.818660	2
Human_cit_proteome_syn_peptides	02207a_BB3-TUM_mod_citrullination_l_15_01_01-DDA-1h-R1.mzML	Q96EI5-2	TCAL4	Isoform 2 of Transcription elongation factor A protein-like 4 	VESR*EAGPSVDRDGGLR	VESR*EAGPSVDRDGGLR	C72H121N25O29	18045	True	600.967010	3
Human_cit_proteome_syn_peptides	02207a_BB2-TUM_mod_citrullination_l_14_01_01-DDA-1h-R1.mzML	Q96EI5-2	TCAL4	Isoform 2 of Transcription elongation factor A protein-like 4 	VESREAGPSVDR*DGGLR	VESREAGPSVDR*DGGLR	C72H121N25O29	17399	True	600.966880	3
Human_cit_proteome_syn_peptides	02207a_BB3-TUM_mod_citrullination_l_15_01_01-DDA-1h-R1.mzML	Q7Z3D4	LYSM3	LysM and putative peptidoglycan-binding domain-containing protein 3 	VNNLISDQDFFALR*SIK	VNNLISDQDFFALR*SIK	C89H141N23O28	52009	True	991.022770	2
Human_cit_proteome_syn_peptides	02207a_BB1-TUM_mod_citrullination_l_13_01_01-DDA-1h-R1.mzML	Q9UBZ9-2	REV1	Isoform 2 of DNA repair protein REV1 	VQ(0.9800)KLEEQFR*SDAAM(15.9900)Q(0.9800)K	VQ(0.9800)KLEEQFR*SDAAM(15.9900)Q(0.9800)K	C81H131N21O31S	27020	True	963.960720	2
Human_cit_proteome_syn_peptides	02207a_BB1-TUM_mod_citrullination_l_13_01_01-DDA-1h-R1.mzML	Q9UBZ9-2	REV1	Isoform 2 of DNA repair protein REV1 	VQ(0.9800)KLEEQFR*SDAAMQ(0.9800)K	VQ(0.9800)KLEEQFR*SDAAMQ(0.9800)K	C81H131N21O30S	29869	True	637.644610	3
Human_cit_proteome_syn_peptides	02207a_BB3-TUM_mod_citrullination_l_15_01_01-DDA-1h-R1.mzML	P22105	TENX	Tenascin-X 	VR*GEESEVTVGGLEPGR	VR*GEESEVTVGGLEPGR	C73H122N22O29	29649	True	886.445940	2
Human_cit_proteome_syn_peptides	02207a_BB3-TUM_mod_citrullination_l_15_01_01-DDA-1h-R1.mzML	Q05707-2	COEA1	Isoform 2 of Collagen alpha-1(XIV) chain 	VVDR*GN(0.9800)GSRPSSPEEVK	VVDR*GN(0.9800)GSRPSSPEEVK	C74H123N23O30	12269	True	907.949410	2
Human_cit_proteome_syn_peptides	02207a_BB3-TUM_mod_citrullination_l_15_01_01-DDA-1h-R1.mzML	P12036-2	NFH	Isoform 2 of Neurofilament heavy polypeptide 	WEM(15.9900)AAQ(0.9800)LR*EYQDLLN(0.9800)VK	WEM(15.9900)AAQ(0.9800)LR*EYQDLLN(0.9800)VK	C94H144N22O32S	49776	True	1,063.510800	2
Human_cit_proteome_syn_peptides	02207a_BB3-TUM_mod_citrullination_l_15_01_01-DDA-1h-R1.mzML	P12036-2	NFH	Isoform 2 of Neurofilament heavy polypeptide 	WEMAAQ(0.9800)LR*EYQDLLN(0.9800)VK	WEMAAQ(0.9800)LR*EYQDLLN(0.9800)VK	C94H144N22O31S	57098	True	1,055.511700	2
Human_cit_proteome_syn_peptides	02207a_BB1-TUM_mod_citrullination_l_13_01_01-DDA-1h-R1.mzML	Q9UEY8	ADDG	Gamma-adducin 	YFDR*INEN(0.9800)DPEYIR	YFDR*INEN(0.9800)DPEYIR	C82H116N20O29	39737	True	923.418380	2
Human_cit_proteome_syn_peptides	02207a_BB3-TUM_mod_citrullination_l_15_01_01-DDA-1h-R1.mzML	A3KMH1	VWA8	von Willebrand factor A domain-containing protein 8 	YM(15.9900)R*LKEELQ(0.9800)LSDEQLQK	YM(15.9900)R*LKEELQ(0.9800)LSDEQLQK	C93H153N23O34S	37837	True	723.697660	3
Human_cit_proteome_syn_peptides	02207a_BB3-TUM_mod_citrullination_l_15_01_01-DDA-1h-R1.mzML	A3KMH1	VWA8	von Willebrand factor A domain-containing protein 8 	YMR*LKEELQ(0.9800)LSDEQLQK	YMR*LKEELQ(0.9800)LSDEQLQK	C93H153N23O33S	37793	True	718.365550	3
Human_cit_proteome_syn_peptides	02207a_BB1-TUM_mod_citrullination_l_13_01_01-DDA-1h-R1.mzML	P02751-11	FINC	Isoform 11 of Fibronectin 	YTGN(0.9800)TYR*VGDTYERPK	YTGN(0.9800)TYR*VGDTYERPK	C84H124N22O30	21996	False	641.303320	3
Human_cit_proteome_syn_peptides	02207a_BB1-TUM_mod_citrullination_l_13_01_01-DDA-1h-R1.mzML	P02751-16	FINC	Isoform 16 of Fibronectin 	YTGNTYR*VGDTYERPK	YTGNTYR*VGDTYERPK	C84H125N23O29	20669	False	960.958880	2
Human_cit_proteome_syn_peptides	02207a_BB2-TUM_mod_citrullination_l_14_01_01-DDA-1h-R1.mzML	P02751-11	FINC	Isoform 11 of Fibronectin 	YTGNTYRVGDTYER*PK	YTGNTYRVGDTYER*PK	C84H125N23O29	20380	False	640.975020	3
Human_cit_proteome_syn_peptides	02207a_BB2-TUM_mod_citrullination_l_14_01_01-DDA-1h-R1.mzML	Q15063-3	POSTN	Isoform 3 of Periostin 	YTR*ISTGGGETEETLKK	YTR*ISTGGGETEETLKK	C79H131N21O31	19281	False	624.318730	3
